id,first_name,last_name,email,phone,remote,rating,subject
1,Jorie,Iffland,jiffland0@hud.gov,748-125-1333,false,4.7,Math
2,Gustavus,Howsam,ghowsam1@cargocollective.com,307-677-6175,true,9.9,Math
3,Lola,Mack,lmack2@list-manage.com,685-877-2504,true,3.2,Math
4,Minne,Lingner,mlingner3@posterous.com,756-338-6699,true,5.3,Math
5,Gracie,Spillett,gspillett4@adobe.com,571-351-8811,false,2.1,Math
6,Danita,Songer,dsonger5@va.gov,251-790-1392,true,2.4,Math
7,Aretha,Oscroft,aoscroft6@sciencedirect.com,431-345-0499,false,5.8,Math
8,Alicea,Proven,aproven7@theguardian.com,175-603-3465,false,6.2,Math
9,Antonetta,Scoffins,ascoffins8@whitehouse.gov,538-978-1460,false,9.4,Math
10,Wynn,Dranfield,wdranfield9@amazon.co.uk,810-930-9000,true,1.4,Math
11,Adriane,Treven,atrevena@godaddy.com,386-774-4714,false,7.5,Math
12,Tarrance,Woolfenden,twoolfendenb@paginegialle.it,793-317-6010,false,1.8,Math
13,Austina,Haslehurst,ahaslehurstc@cargocollective.com,777-879-7504,false,9.2,Math
14,Nealson,Wand,nwandd@t-online.de,119-907-3322,false,7.6,Math
15,Earvin,Rosencwaig,erosencwaige@ted.com,981-367-8788,true,5.7,Math
16,Alonso,Paulot,apaulotf@chron.com,448-570-5529,false,5.5,Math
17,Tris,Rosenstiel,trosenstielg@shareasale.com,450-254-8403,true,3.7,Math
18,Dulce,Ledson,dledsonh@sogou.com,435-803-1129,false,6.4,Math
19,Mikel,De Micoli,mdemicolii@digg.com,117-537-4732,true,6.8,Math
20,Letti,Slade,lsladej@godaddy.com,138-158-9789,true,9.3,Math
21,Lane,Jurisch,ljurischk@typepad.com,651-586-2784,true,8.8,Math
22,Alix,Giorgeschi,agiorgeschil@cornell.edu,265-672-1222,true,7.1,Math
23,Roanna,Ducker,rduckerm@sohu.com,979-947-6521,false,1.4,Math
24,Brad,Dalgety,bdalgetyn@godaddy.com,762-781-9480,false,2.5,Math
25,Ely,Budd,ebuddo@plala.or.jp,829-221-8375,false,3.6,Math
26,Randolf,Burnhill,rburnhillp@surveymonkey.com,504-809-4822,false,3.9,Math
27,Danie,Trewinnard,dtrewinnardq@jimdo.com,966-316-5266,false,6.8,Math
28,Hanna,Schneider,hschneiderr@macromedia.com,589-583-7990,true,8.6,Math
29,Gilemette,Ralston,gralstons@oracle.com,848-691-1318,true,6.1,Math
30,Marian,Hebard,mhebardt@jigsy.com,419-239-1786,false,6.7,Math
31,Audre,Silkstone,asilkstoneu@wp.com,861-682-0583,true,7,Math
32,Rhodie,Wombwell,rwombwellv@google.pl,223-885-6373,true,3.7,Math
33,Curry,Tunkin,ctunkinw@goodreads.com,756-362-6619,true,8.5,Math
34,Toinette,Oldis,toldisx@abc.net.au,203-808-2748,true,9.6,Math
35,Shirley,Blaw,sblawy@technorati.com,972-453-4097,false,8.5,Math
36,Casar,Petr,cpetrz@scribd.com,800-891-6401,false,1.7,Math
37,Hattie,Yarrell,hyarrell10@zdnet.com,518-335-7336,true,9.1,Math
38,Kristien,Wooldridge,kwooldridge11@cbsnews.com,286-302-5316,true,6.5,Math
39,Torrence,Loudon,tloudon12@princeton.edu,121-502-9851,true,3.4,Math
40,Geno,Wrennall,gwrennall13@nyu.edu,139-805-3165,false,9.1,Math
41,Arabele,Bolding,abolding14@time.com,762-989-8043,false,3.3,Math
42,Everard,Caizley,ecaizley15@indiegogo.com,901-817-4566,true,8.9,Math
43,Giovanna,Outridge,goutridge16@usnews.com,751-856-2460,true,7.3,Math
44,Alecia,Hansana,ahansana17@amazon.co.jp,613-232-5270,false,1.3,Math
45,Revkah,Chung,rchung18@webeden.co.uk,637-143-1465,false,9,Math
46,Wilow,Pitrasso,wpitrasso19@apache.org,801-148-1521,true,6.2,Math
47,Ambros,Marcussen,amarcussen1a@wiley.com,628-681-4146,true,7.2,Math
48,Alexa,Heminsley,aheminsley1b@theatlantic.com,826-882-6819,false,9.8,Math
49,Kendall,Inglesfield,kinglesfield1c@oaic.gov.au,856-926-3811,false,3,Math
50,Noby,Stapforth,nstapforth1d@abc.net.au,926-175-7131,false,5.5,Math
51,Ange,Staggs,astaggs1e@wordpress.org,163-847-9751,false,5.8,Math
52,Lettie,Wigley,lwigley1f@webnode.com,471-769-0998,false,1.7,Math
53,Kassie,Burkhill,kburkhill1g@hhs.gov,297-565-1604,false,1.4,Math
54,Trevar,Tunniclisse,ttunniclisse1h@buzzfeed.com,498-259-9255,true,2.1,Math
55,Hugibert,Hadny,hhadny1i@posterous.com,238-565-1384,false,6.9,Math
56,Helga,Harlowe,hharlowe1j@chicagotribune.com,195-637-5875,true,6.9,Math
57,Thaxter,Graves,tgraves1k@wikipedia.org,773-638-3227,false,2,Math
58,Adan,Scanlon,ascanlon1l@si.edu,584-629-9549,true,4.9,Math
59,Yvor,Walshe,ywalshe1m@adobe.com,371-399-7474,true,8,Math
60,Lindsay,Cornfoot,lcornfoot1n@tripadvisor.com,673-211-1680,true,9.4,Math
61,Maddie,Oppie,moppie1o@kickstarter.com,511-224-1403,true,4.3,Math
62,Cleveland,Jewson,cjewson1p@typepad.com,342-367-8214,true,8,Math
63,Giles,Karp,gkarp1q@wikispaces.com,639-903-4087,true,9,Math
64,Lonni,Dumberrill,ldumberrill1r@stumbleupon.com,811-566-0161,true,3.1,Math
65,Darrelle,Anglim,danglim1s@oracle.com,272-282-5955,false,8.8,Math
66,Yanaton,Algar,yalgar1t@xinhuanet.com,476-449-1860,false,4.5,Math
67,Clem,Tinsley,ctinsley1u@noaa.gov,933-901-9963,false,2.5,Math
68,Tobin,Saiens,tsaiens1v@1688.com,625-309-0630,false,6.1,Math
69,Caroljean,Cammock,ccammock1w@latimes.com,902-621-3997,true,5.9,Math
70,Charlotte,Looks,clooks1x@foxnews.com,610-712-2014,true,3.1,Math
71,Blythe,Redan,bredan1y@parallels.com,394-906-8703,true,6.8,Math
72,Odette,Veeler,oveeler1z@diigo.com,591-610-4868,false,5.4,Math
73,Gordon,Slowgrave,gslowgrave20@toplist.cz,692-197-2066,true,2.8,Math
74,Shir,Antonazzi,santonazzi21@rambler.ru,408-740-6886,false,8.9,Math
75,Bobbe,Stritton,bstritton22@1688.com,339-734-8624,true,5.8,Math
76,Felike,Gay,fgay23@biglobe.ne.jp,262-542-5928,true,9.5,Math
77,Estrella,Spurdens,espurdens24@stanford.edu,135-580-1226,false,5.2,Math
78,Marcos,Weymont,mweymont25@amazon.com,876-258-5961,false,3.1,Math
79,Ginnifer,Bracco,gbracco26@miitbeian.gov.cn,373-166-2730,false,1.7,Math
80,Alfie,Starcks,astarcks27@ucoz.com,239-759-7682,false,5.8,Math
81,Chane,Canfer,ccanfer28@linkedin.com,351-978-9775,true,5.8,Math
82,Stella,Chesnay,schesnay29@macromedia.com,304-969-1913,true,8.5,Math
83,Tori,Vasiltsov,tvasiltsov2a@exblog.jp,728-910-0485,true,5.1,Math
84,Belva,Klaessen,bklaessen2b@ifeng.com,656-840-2051,false,3.6,Math
85,Gibby,Cuncliffe,gcuncliffe2c@sakura.ne.jp,674-364-3783,true,3.2,Math
86,Cordi,Ceschi,cceschi2d@theglobeandmail.com,793-883-5691,false,4.6,Math
87,Barri,Campione,bcampione2e@ebay.com,634-458-6497,true,5.8,Math
88,Trumann,Elleton,telleton2f@blinklist.com,739-490-6745,true,6.1,Math
89,Brooks,Faulkener,bfaulkener2g@meetup.com,459-971-5928,true,1.5,Math
90,Christen,Tripean,ctripean2h@samsung.com,696-228-2523,true,9.8,Math
91,Hamilton,Raisher,hraisher2i@apache.org,728-798-2839,true,9.2,Math
92,Lloyd,Oakton,loakton2j@ca.gov,814-986-3277,true,2.8,Math
93,Shannon,Minney,sminney2k@wufoo.com,928-643-7447,true,5.3,Math
94,Alvy,Moorcraft,amoorcraft2l@china.com.cn,368-442-0168,false,2.6,Math
95,Ezra,Prodrick,eprodrick2m@symantec.com,746-606-3792,true,4.8,English
96,Weber,Ashwood,washwood2n@etsy.com,806-155-9180,true,3.7,English
97,Karlotte,McCahey,kmccahey2o@merriam-webster.com,296-553-6968,true,5,English
98,Francisco,Sisley,fsisley2p@biblegateway.com,811-153-4864,true,8.5,English
99,Seth,Collumbell,scollumbell2q@comsenz.com,757-575-1163,false,1.1,English
100,Willy,Lawdham,wlawdham2r@cafepress.com,181-938-3592,true,9.8,English
101,Renelle,Pegler,rpegler2s@bravesites.com,266-580-6755,true,5.7,English
102,Morton,Cranstoun,mcranstoun2t@symantec.com,445-946-6935,true,7.8,English
103,Rowney,Stout,rstout2u@virginia.edu,958-368-5266,false,3.2,English
104,Vicki,Paddell,vpaddell2v@blogtalkradio.com,300-985-1785,true,6,English
105,Jennica,Coan,jcoan2w@diigo.com,865-358-8277,false,2.8,English
106,Christiane,Cavozzi,ccavozzi2x@wikispaces.com,262-892-8919,false,1.7,English
107,Nye,Local,nlocal2y@opera.com,450-919-4440,true,3,English
108,Abba,Cullon,acullon2z@xinhuanet.com,181-409-6526,true,3.9,English
109,Westley,Caird,wcaird30@list-manage.com,746-853-1532,true,6.3,English
110,Blondie,Scoggan,bscoggan31@wunderground.com,700-576-6118,false,8.3,English
111,Doretta,Camps,dcamps32@example.com,959-901-3867,true,1.5,English
112,Katerine,Torricella,ktorricella33@wsj.com,824-479-6558,true,1.2,English
113,Lev,Adnet,ladnet34@jimdo.com,838-217-0989,false,5.3,English
114,Tallou,Kohneke,tkohneke35@wix.com,225-133-5654,true,2.5,English
115,Vivia,Bisco,vbisco36@miibeian.gov.cn,404-896-5419,false,5.6,English
116,Robena,Faustin,rfaustin37@businessinsider.com,435-335-8103,false,8.5,English
117,Moria,Forsaith,mforsaith38@artisteer.com,428-475-8651,false,8.4,English
118,Velvet,Beare,vbeare39@theatlantic.com,862-288-5330,false,7.4,English
119,Norbert,Imore,nimore3a@stanford.edu,222-849-4505,true,3.2,English
120,Simeon,Coombes,scoombes3b@whitehouse.gov,644-506-5985,true,3,English
121,Ragnar,Timbridge,rtimbridge3c@ucla.edu,290-856-6354,true,2.2,English
122,Patricia,McMains,pmcmains3d@google.co.jp,803-401-4414,true,3.5,English
123,Basilio,Shorthouse,bshorthouse3e@buzzfeed.com,399-825-9374,false,9.3,English
124,Royce,Henkens,rhenkens3f@last.fm,147-245-3116,true,1.8,English
125,Gray,Featherbie,gfeatherbie3g@yellowbook.com,853-861-4295,false,4.1,English
126,Clerc,Kilbourn,ckilbourn3h@walmart.com,944-522-7632,true,5,English
127,Jewelle,Giraldon,jgiraldon3i@paypal.com,417-200-1080,true,4.1,English
128,Jilleen,Farryann,jfarryann3j@uol.com.br,218-335-6088,true,8.6,English
129,Saxe,Zoren,szoren3k@npr.org,473-911-5470,true,8.8,English
130,Zondra,Rosenwasser,zrosenwasser3l@sbwire.com,310-173-0471,false,1.7,English
131,Nahum,Griffin,ngriffin3m@dot.gov,161-730-1323,false,10,English
132,Marya,Clacey,mclacey3n@sphinn.com,867-147-6722,true,7.2,English
133,Codi,Apfel,capfel3o@artisteer.com,296-932-7410,true,3.6,English
134,Gabriell,Smallbone,gsmallbone3p@sogou.com,626-256-2963,true,9.6,English
135,Allina,Perrelli,aperrelli3q@shinystat.com,777-454-2232,false,3,English
136,Martguerita,Baudts,mbaudts3r@columbia.edu,695-245-9152,true,4.9,English
137,Griffith,Mattschas,gmattschas3s@shutterfly.com,417-936-2176,true,6.8,English
138,Norene,Valder,nvalder3t@hugedomains.com,148-521-3926,false,9.3,English
139,Albie,Wagstaff,awagstaff3u@webnode.com,360-156-5530,false,7.8,English
140,Fremont,Sackur,fsackur3v@cnet.com,936-540-1569,false,6.4,English
141,Aubert,Proughten,aproughten3w@tuttocitta.it,756-472-5344,false,4.5,English
142,Domingo,Syder,dsyder3x@spotify.com,109-590-5992,true,3.6,English
143,Charlean,Phelit,cphelit3y@ed.gov,535-287-9686,false,2.7,English
144,Mufi,Bordis,mbordis3z@icq.com,920-816-7725,true,2.1,English
145,Jerrine,Sigward,jsigward40@dmoz.org,808-945-1124,false,1.2,English
146,Alex,Lipyeat,alipyeat41@bluehost.com,546-878-4990,true,3.3,English
147,Truda,Anglish,tanglish42@nbcnews.com,595-823-1930,false,1.7,English
148,Martelle,Ryson,mryson43@scribd.com,921-866-6365,false,1.4,English
149,Odella,Headford,oheadford44@sfgate.com,216-832-4617,false,4.9,English
150,Chere,Thay,cthay45@ifeng.com,966-449-7098,true,1.7,English
151,Cesya,Pinnigar,cpinnigar46@dailymotion.com,875-491-3783,false,5,English
152,Lenora,Marsland,lmarsland47@examiner.com,484-200-9455,true,5.7,English
153,Tracey,Storer,tstorer48@marriott.com,894-769-2057,false,9.1,English
154,Carrol,Wolver,cwolver49@intel.com,746-283-6887,true,5.7,English
155,Shelby,Dannett,sdannett4a@state.tx.us,284-804-0476,false,7.3,English
156,Filippo,Hintze,fhintze4b@google.cn,538-281-2414,false,2.2,English
157,Marten,Seller,mseller4c@fema.gov,997-390-1318,false,1.5,English
158,Halimeda,Corneille,hcorneille4d@istockphoto.com,575-607-8045,true,2.7,English
159,Emilia,Corbishley,ecorbishley4e@xrea.com,611-181-0069,false,9.9,English
160,Paxon,Dignum,pdignum4f@oracle.com,154-176-3914,true,9.8,English
161,Minta,Scowcroft,mscowcroft4g@independent.co.uk,879-477-6536,true,7,English
162,Nye,Bestwall,nbestwall4h@wikispaces.com,520-790-0385,true,8.5,English
163,Rachele,Cuolahan,rcuolahan4i@livejournal.com,147-969-9239,false,1.2,English
164,Dyanna,Strut,dstrut4j@trellian.com,678-404-6346,true,6.8,English
165,Jeth,Arnot,jarnot4k@epa.gov,666-417-2764,true,3.4,English
166,Merna,Russo,mrusso4l@purevolume.com,691-981-2460,false,8.3,English
167,Adaline,Barensky,abarensky4m@de.vu,779-465-7599,false,6.3,English
168,Langston,Smaile,lsmaile4n@godaddy.com,896-429-5540,true,4.9,English
169,Ruttger,Doole,rdoole4o@chicagotribune.com,889-599-5094,false,8.1,English
170,Alyss,Santore,asantore4p@sakura.ne.jp,526-422-3443,false,2,English
171,Levy,Trythall,ltrythall4q@amazon.de,220-158-4958,false,9,English
172,Gerty,Matyashev,gmatyashev4r@psu.edu,181-211-7974,true,6.9,English
173,Elisabet,Wandrach,ewandrach4s@yelp.com,844-529-3865,true,1.9,English
174,Ora,Wike,owike4t@census.gov,303-982-0059,true,8.8,English
175,Wynne,Roden,wroden4u@dell.com,817-290-7047,true,4.2,English
176,Zea,Catcheside,zcatcheside4v@joomla.org,479-785-6089,false,1.9,English
177,Jemmie,Pauleit,jpauleit4w@360.cn,169-482-9614,false,2,English
178,Carlin,Wittey,cwittey4x@forbes.com,680-365-7579,false,1.6,English
179,Yelena,Buttler,ybuttler4y@indiegogo.com,351-953-3944,true,2.8,English
180,Gaston,MacCaughey,gmaccaughey4z@sitemeter.com,554-112-6644,true,7.9,English
181,Eilis,Hannan,ehannan50@phoca.cz,189-627-7671,false,4.1,English
182,Cariotta,MacCostye,cmaccostye51@indiatimes.com,403-980-3970,true,2.3,English
183,Cort,Bransom,cbransom52@webmd.com,992-257-3875,false,8.4,English
184,Ninon,Jeram,njeram53@arstechnica.com,404-135-7347,false,8.9,English
185,Ansell,Deeman,adeeman54@dmoz.org,222-415-0458,true,2.5,English
186,Maurene,Cardoo,mcardoo55@gravatar.com,452-349-5297,true,1.2,English
187,Mufinella,Poncet,mponcet56@blogs.com,363-724-6250,true,2.8,English
188,Luise,Chese,lchese57@washington.edu,259-788-8512,false,6.2,English
189,Burk,Hebblethwaite,bhebblethwaite58@ox.ac.uk,386-571-9626,true,3.8,English
190,Devin,Lile,dlile59@mozilla.org,908-519-9250,true,8.5,English
191,Gertruda,Demare,gdemare5a@behance.net,393-932-8657,false,1.9,English
192,Mechelle,McDuall,mmcduall5b@usa.gov,917-680-6916,true,6.8,English
193,Broddy,Bonifazio,bbonifazio5c@wordpress.org,748-553-7198,true,7.3,English
194,Kerri,Ramage,kramage5d@engadget.com,666-191-0925,false,8.2,English
195,Tull,Vest,tvest5e@infoseek.co.jp,129-461-4327,false,1.6,English
196,Kippy,Fenne,kfenne5f@bigcartel.com,272-593-8739,false,5.5,English
197,Christy,Matejic,cmatejic5g@linkedin.com,677-937-3371,false,1.5,English
198,Clayborne,Mytton,cmytton5h@about.me,408-899-4739,true,6.9,English
199,Collete,Balsillie,cbalsillie5i@mozilla.com,681-448-1388,true,9.5,English
200,Warner,Garrit,wgarrit5j@webmd.com,577-768-8350,true,2.2,English
201,Hi,Ianittello,hianittello5k@economist.com,164-804-1603,false,1.3,English
202,Constantin,Hitschke,chitschke5l@mac.com,161-586-1299,true,2.1,English
203,Tiffy,Rich,trich5m@51.la,975-112-2453,true,3,English
204,Preston,Snar,psnar5n@senate.gov,721-540-2243,true,6.8,English
205,Uri,Tellenbrook,utellenbrook5o@opera.com,749-223-4369,false,8.7,English
206,Harp,Lipp,hlipp5p@seattletimes.com,934-713-0436,false,9,English
207,Carina,Baggot,cbaggot5q@elegantthemes.com,680-138-7263,true,7.8,English
208,Jessalin,Killshaw,jkillshaw5r@nyu.edu,191-572-1632,true,4,English
209,Cherianne,Duchant,cduchant5s@dropbox.com,106-788-3871,false,8.4,English
210,Ingra,Ascrofte,iascrofte5t@scientificamerican.com,872-323-9623,true,4.7,English
211,Jeremiah,Beton,jbeton5u@elpais.com,692-926-4916,true,9.8,English
212,Montgomery,Pendock,mpendock5v@discovery.com,688-138-0138,false,7.1,English
213,Hatti,Gyngyll,hgyngyll5w@sina.com.cn,566-276-2073,true,9.7,English
214,Jasper,Plante,jplante5x@bbc.co.uk,479-419-8671,true,7.5,English
215,Loralyn,Stidston,lstidston5y@prweb.com,196-994-1090,false,3.4,English
216,Osbert,Rendall,orendall5z@scribd.com,538-690-4166,false,9.9,English
217,Adele,Munn,amunn60@bbb.org,317-958-0708,true,9.1,English
218,Warner,Vallender,wvallender61@usgs.gov,373-319-3826,false,5.8,English
219,Lavinia,Moreing,lmoreing62@alibaba.com,909-629-8282,false,1.8,English
220,Fenelia,Schwerin,fschwerin63@etsy.com,576-203-3315,true,9.9,English
221,Jdavie,Labat,jlabat64@oaic.gov.au,202-222-9028,false,3.4,English
222,Mariana,Ivanishev,mivanishev65@squidoo.com,329-233-2081,true,8,English
223,Georgeta,Pavier,gpavier66@bbc.co.uk,262-715-6912,true,5.5,English
224,Orella,Cawsy,ocawsy67@vimeo.com,700-740-5535,false,1.7,English
225,Kaleb,Wozencraft,kwozencraft68@jugem.jp,807-822-5194,true,8.1,English
226,Yard,Zorzini,yzorzini69@seesaa.net,822-129-9075,false,9.4,English
227,Eldin,Saffin,esaffin6a@twitpic.com,539-401-2532,true,4.3,English
228,Merry,Maro,mmaro6b@businessweek.com,218-577-8903,false,3.4,English
229,Albert,Liverock,aliverock6c@constantcontact.com,478-303-9019,true,3,English
230,Torrey,Beden,tbeden6d@princeton.edu,229-458-9367,true,4.3,English
231,Neysa,Mannix,nmannix6e@eepurl.com,656-786-7713,true,8.3,English
232,Salvatore,Parkes,sparkes6f@sourceforge.net,677-174-1750,true,9.3,English
233,Nanny,Tanfield,ntanfield6g@ow.ly,921-715-8762,false,8.7,English
234,Mord,Bendson,mbendson6h@blogs.com,444-661-3951,false,2.3,English
235,Elise,Trusler,etrusler6i@ning.com,787-266-0176,false,1.9,English
236,Sumner,Walewicz,swalewicz6j@livejournal.com,590-972-6830,true,8.6,English
237,Idaline,Holson,iholson6k@tripod.com,744-494-8969,true,3.4,English
238,Clementine,Harries,charries6l@phpbb.com,114-242-7611,true,3.3,English
239,Alaric,Levens,alevens6m@adobe.com,986-641-6506,false,1.2,English
240,Lesley,Bootyman,lbootyman6n@google.cn,859-883-8514,false,5.6,English
241,Hurlee,Pitts,hpitts6o@vkontakte.ru,433-782-7515,true,1.9,English
242,Faun,Stonary,fstonary6p@yellowbook.com,349-545-9573,true,6,English
243,Muire,Cantor,mcantor6q@liveinternet.ru,194-360-0495,false,7,English
244,Xymenes,Ahrendsen,xahrendsen6r@sogou.com,898-123-6276,false,4.7,English
245,Brockie,Ridewood,bridewood6s@joomla.org,259-537-9192,false,8.2,English
246,Ulric,Ryton,uryton6t@ox.ac.uk,160-267-3333,true,7.4,English
247,Rafaelita,Crimp,rcrimp6u@archive.org,821-953-0835,true,1.5,English
248,Bendite,Pryn,bpryn6v@lycos.com,635-341-7005,false,2.3,English
249,Temple,Spoors,tspoors6w@usa.gov,434-416-9987,false,6.8,English
250,Wald,Bromont,wbromont6x@nature.com,821-652-0739,false,5.3,English
251,Birgit,Knudsen,bknudsen6y@opensource.org,196-876-2359,true,3.3,English
252,Claudette,Poll,cpoll6z@addtoany.com,419-323-7321,false,1,English
253,Gasper,Wilbraham,gwilbraham70@deliciousdays.com,966-284-6679,true,5.1,English
254,Thebault,Meakin,tmeakin71@csmonitor.com,184-337-5859,false,7.6,English
255,Lemar,Stirman,lstirman72@sitemeter.com,166-667-6641,false,6.3,German
256,Kata,Hedworth,khedworth73@adobe.com,509-643-6324,true,6.3,German
257,Annmarie,Groomebridge,agroomebridge74@taobao.com,253-879-3668,false,7.6,German
258,Catlee,Skaid,cskaid75@wix.com,697-510-0416,false,4.1,German
259,Arthur,Sangwine,asangwine76@spotify.com,386-187-0592,false,9.9,German
260,Jenda,Clark,jclark77@about.com,926-727-7274,true,8.3,German
261,Waylen,Kindread,wkindread78@unblog.fr,254-677-8670,false,8.5,German
262,Sheilakathryn,Wisson,swisson79@meetup.com,276-649-6467,false,7,German
263,Helenka,Cumbers,hcumbers7a@free.fr,108-570-4507,false,9.4,German
264,Jose,Rameaux,jrameaux7b@flavors.me,257-504-4218,false,8.8,German
265,Alis,Southeran,asoutheran7c@goodreads.com,886-674-2963,true,3.5,German
266,Cahra,Moehler,cmoehler7d@harvard.edu,293-143-8625,false,1.7,German
267,Phylis,Pennyman,ppennyman7e@addthis.com,284-208-2457,false,5.4,German
268,Marie-ann,Lowre,mlowre7f@over-blog.com,349-895-6365,false,4.2,German
269,Felic,Deyes,fdeyes7g@etsy.com,790-347-0576,false,3.6,German
270,Lilla,Swindles,lswindles7h@cocolog-nifty.com,264-891-3619,true,6.4,German
271,Diena,Gealy,dgealy7i@prweb.com,537-693-1248,false,3.7,German
272,Dody,Dyche,ddyche7j@plala.or.jp,791-601-7359,false,2.4,German
273,Ky,Aikin,kaikin7k@blinklist.com,471-534-7402,false,4.7,German
274,Almira,Tanfield,atanfield7l@jugem.jp,347-153-9095,false,8.8,German
275,Shayna,Heam,sheam7m@bbb.org,127-367-2985,true,8.4,German
276,Eloisa,Tarr,etarr7n@acquirethisname.com,829-861-1800,false,6.6,German
277,Rorie,Joutapavicius,rjoutapavicius7o@ihg.com,824-900-4529,false,7.7,German
278,Lianna,Monahan,lmonahan7p@mapy.cz,817-470-4602,false,8,German
279,Tremaine,Chaman,tchaman7q@redcross.org,321-891-3875,false,4.4,German
280,Marylee,Blackesland,mblackesland7r@ow.ly,191-930-5323,false,3.6,German
281,Jayme,Pally,jpally7s@who.int,222-197-5904,false,9.1,German
282,Casey,Hoys,choys7t@yolasite.com,908-157-4985,true,6.1,German
283,Torrence,Leer,tleer7u@1und1.de,133-572-7968,true,8.1,Chemistry
284,Darren,Hargreves,dhargreves7v@mysql.com,571-477-6024,false,2.2,Chemistry
285,Alison,Sandes,asandes7w@reddit.com,682-297-1988,false,7,Chemistry
286,Jean,Taffee,jtaffee7x@pinterest.com,113-185-3101,false,9.2,Chemistry
287,Porty,Rydzynski,prydzynski7y@irs.gov,982-685-3709,true,7.7,Chemistry
288,Putnam,Quodling,pquodling7z@slideshare.net,276-865-6497,false,3.1,Chemistry
289,Becki,Simic,bsimic80@reuters.com,432-605-0304,true,3.4,Chemistry
290,Danny,Ausello,dausello81@pen.io,472-898-2041,false,8.8,Chemistry
291,Ryley,Haddleston,rhaddleston82@amazonaws.com,727-344-3769,false,1.6,Chemistry
292,Brooks,Hanner,bhanner83@ebay.com,820-688-0167,false,9.4,Chemistry
293,Virgil,Joicey,vjoicey84@senate.gov,731-955-9669,true,9.6,Chemistry
294,Brennan,Delgardillo,bdelgardillo85@nymag.com,932-281-5773,true,8.8,Chemistry
295,Constantia,Winterbotham,cwinterbotham86@drupal.org,384-796-2437,false,4.6,Chemistry
296,Deonne,McArtan,dmcartan87@csmonitor.com,262-863-7070,true,8.5,Chemistry
297,Jard,MacIllrick,jmacillrick88@npr.org,713-879-7179,true,2.8,Chemistry
298,Shep,Brayfield,sbrayfield89@fema.gov,821-918-4930,true,5,Chemistry
299,Billye,Atmore,batmore8a@wp.com,953-354-5636,true,7.2,Chemistry
300,Vassily,Westcar,vwestcar8b@cargocollective.com,143-973-9934,false,2.1,Chemistry
301,Chicky,Grise,cgrise8c@theatlantic.com,761-461-5585,true,1.8,Chemistry
302,Aubree,Iozefovich,aiozefovich8d@ning.com,632-624-0045,false,9.7,Chemistry
303,Mikel,Gerald,mgerald8e@csmonitor.com,156-127-8765,true,6,Chemistry
304,Carolyne,Farrens,cfarrens8f@washington.edu,724-865-2574,true,9.2,Chemistry
305,Berny,Dunbabin,bdunbabin8g@psu.edu,844-863-4676,false,4.6,Chemistry
306,Penelopa,Noye,pnoye8h@ehow.com,417-661-0616,true,1.7,Chemistry
307,Arin,Swaffield,aswaffield8i@youtu.be,982-706-4999,true,7.3,Chemistry
308,Ynes,Gascone,ygascone8j@mit.edu,174-395-6809,false,5.9,Chemistry
309,Joey,Mourgue,jmourgue8k@huffingtonpost.com,373-651-6206,true,9.6,Chemistry
310,Minta,Crasswell,mcrasswell8l@shinystat.com,539-640-0417,false,5.1,Chemistry
311,Orlan,Davio,odavio8m@noaa.gov,717-841-8295,true,7.8,Chemistry
312,Brigida,Pic,bpic8n@shutterfly.com,800-604-3656,false,1.2,Chemistry
313,Octavia,Pilkinton,opilkinton8o@businesswire.com,158-484-8354,false,2.1,Chemistry
314,Tanitansy,Thynn,tthynn8p@yahoo.com,247-786-0616,false,7.3,Chemistry
315,Nelle,Dovermann,ndovermann8q@youtube.com,556-813-3412,true,3.1,Chemistry
316,Sammie,Plummer,splummer8r@paypal.com,442-230-4852,false,1.9,Chemistry
317,Karrah,Weepers,kweepers8s@apache.org,759-186-7178,true,1,Chemistry
318,Dianemarie,Janiszewski,djaniszewski8t@ftc.gov,142-157-3551,true,6.5,Chemistry
319,Rupert,Bazely,rbazely8u@ted.com,611-821-1548,false,3.9,Chemistry
320,Avigdor,Hainsworth,ahainsworth8v@a8.net,953-604-3263,true,2,Chemistry
321,Renaud,Leynagh,rleynagh8w@shinystat.com,446-928-5248,false,7.4,Chemistry
322,Jordana,Streatley,jstreatley8x@domainmarket.com,168-158-7022,false,9,Chemistry
323,Corabel,Goldston,cgoldston8y@cpanel.net,337-813-3309,false,1.6,Chemistry
324,Alana,Brosh,abrosh8z@yandex.ru,237-607-8600,true,9.2,Chemistry
325,Emilio,O'Corren,eocorren90@free.fr,558-528-5468,false,9.1,Chemistry
326,Claudell,Godar,cgodar91@bbc.co.uk,371-223-0421,true,6.8,Chemistry
327,Valenka,Sher,vsher92@constantcontact.com,635-995-3534,false,8.4,Chemistry
328,Karalee,Baldassi,kbaldassi93@csmonitor.com,704-868-5538,false,7.4,Chemistry
329,Yoko,Espinazo,yespinazo94@gmpg.org,431-878-6387,true,3,Chemistry
330,Miguela,Johnke,mjohnke95@reverbnation.com,305-758-7583,false,7.9,Chemistry
331,Hailee,Caraher,hcaraher96@rediff.com,512-178-3340,true,7,Chemistry
332,Conchita,Aleavy,caleavy97@unblog.fr,684-669-1191,false,2.7,Chemistry
333,Hyacinthe,Masdin,hmasdin98@about.com,682-206-8043,false,4.6,Chemistry
334,Oneida,Tunnadine,otunnadine99@yellowbook.com,476-305-4358,true,3.8,Chemistry
335,Charlena,Heinke,cheinke9a@tripod.com,206-186-2521,false,3.1,Chemistry
336,Cacilie,Cupitt,ccupitt9b@xrea.com,488-980-1037,true,3.4,Chemistry
337,Quintina,Heynel,qheynel9c@storify.com,444-529-8858,true,2.2,Chemistry
338,Valentijn,Weildish,vweildish9d@archive.org,154-783-9495,true,8.7,Chemistry
339,Gibb,Bohey,gbohey9e@wix.com,561-624-7104,true,7.8,Chemistry
340,Marsha,Vanns,mvanns9f@auda.org.au,435-998-6878,true,6.3,Chemistry
341,Analiese,Daville,adaville9g@zimbio.com,779-175-8553,false,4.3,Chemistry
342,Nellie,Spybey,nspybey9h@virginia.edu,421-229-6330,true,3.8,Chemistry
343,Cathlene,Dumingo,cdumingo9i@apache.org,474-617-1269,false,8.3,Chemistry
344,Claus,Messer,cmesser9j@cbc.ca,974-650-6141,false,4.2,Chemistry
345,Carlee,Badsey,cbadsey9k@independent.co.uk,939-999-0364,true,2.7,Chemistry
346,Eryn,Kittman,ekittman9l@about.me,194-957-9455,false,3.7,Chemistry
347,Kenon,Loyley,kloyley9m@hud.gov,377-893-4879,false,7.4,Chemistry
348,Carmelia,Hafner,chafner9n@reddit.com,211-900-0421,true,3.6,Chemistry
349,Colleen,Spinage,cspinage9o@yandex.ru,949-695-4016,false,4.6,Chemistry
350,Sydelle,Brownsill,sbrownsill9p@surveymonkey.com,627-296-9938,false,5.1,Chemistry
351,Diannne,Guitte,dguitte9q@independent.co.uk,528-174-4902,true,1.2,Chemistry
352,Oralle,MacDaid,omacdaid9r@yale.edu,852-418-0072,false,2.4,Chemistry
353,Rosalinde,Boreham,rboreham9s@uiuc.edu,277-999-3239,true,9.2,Chemistry
354,Nanete,Sydry,nsydry9t@list-manage.com,464-982-3547,true,4.6,Chemistry
355,Lynnett,Smeeton,lsmeeton9u@netscape.com,758-306-1342,true,3.2,Chemistry
356,Denice,Wittier,dwittier9v@hostgator.com,181-459-6684,false,3.6,Chemistry
357,Gerry,Agass,gagass9w@wikispaces.com,348-285-9911,true,9.3,Chemistry
358,Dorelia,Manifold,dmanifold9x@blogspot.com,576-642-9698,false,8.1,Chemistry
359,Brendis,O'Carrol,bocarrol9y@ning.com,130-493-1922,false,3.5,Chemistry
360,Kaylee,Kryska,kkryska9z@ft.com,918-272-7331,false,4.7,Chemistry
361,Evelina,McMennum,emcmennuma0@biglobe.ne.jp,451-341-4646,true,6.4,Chemistry
362,Brier,Rennicks,brennicksa1@bbb.org,449-461-5084,false,1.8,Chemistry
363,Tobi,Conduit,tconduita2@yolasite.com,278-228-2543,true,4.2,Chemistry
364,Juliette,Jollye,jjollyea3@behance.net,631-711-2102,true,7,Chemistry
365,Kirstyn,Cahalan,kcahalana4@bloglines.com,713-616-2165,true,3.2,Chemistry
366,Ernst,Baszniak,ebaszniaka5@tinypic.com,468-681-4263,false,3.5,Chemistry
367,Jaclin,Vynarde,jvynardea6@nih.gov,762-634-2170,false,7.9,Chemistry
368,Edith,Henrichsen,ehenrichsena7@scribd.com,375-626-7992,false,8,Chemistry
369,Evyn,Hendrikse,ehendriksea8@about.com,706-629-9610,false,2.1,Chemistry
370,Dore,Karczinski,dkarczinskia9@time.com,604-196-2122,false,8.6,Chemistry
371,Lutero,Hill,lhillaa@jalbum.net,551-317-2214,true,8.8,Chemistry
372,Donnajean,Mollison,dmollisonab@drupal.org,808-860-8413,true,8.8,Chemistry
373,Marcelia,McRonald,mmcronaldac@seesaa.net,704-500-9548,true,6.2,Chemistry
374,Ruthanne,Extal,rextalad@webeden.co.uk,202-146-0571,false,7.1,Chemistry
375,Terrel,Kupker,tkupkerae@hud.gov,621-390-0987,false,6,Chemistry
376,Allyce,Doddemeede,adoddemeedeaf@yellowbook.com,436-177-7057,false,7.2,Chemistry
377,Gwendolen,Polendine,gpolendineag@icq.com,357-672-0257,true,7.5,Chemistry
378,Sarge,Loynes,sloynesah@yellowpages.com,616-365-0394,false,6.8,Chemistry
379,Bondon,Spellman,bspellmanai@ox.ac.uk,861-308-4684,false,8.6,Chemistry
380,Freida,Thinn,fthinnaj@microsoft.com,800-252-2316,true,2.2,Chemistry
381,Burch,Crielly,bcriellyak@newsvine.com,398-594-5645,true,8.6,Chemistry
382,Ambrosi,Roseby,arosebyal@nature.com,687-228-4917,false,1.1,Chemistry
383,Hendrika,Kerford,hkerfordam@tripadvisor.com,178-304-9777,true,7.2,Chemistry
384,Edd,Larive,elarivean@123-reg.co.uk,606-185-5809,false,8.3,Chemistry
385,Angelina,Sussams,asussamsao@yelp.com,406-653-0385,true,2.9,Chemistry
386,Jannel,Davidove,jdavidoveap@prnewswire.com,906-568-4566,false,8.6,Chemistry
387,Karlyn,Galfour,kgalfouraq@house.gov,753-430-4818,false,8.2,Chemistry
388,Craig,Fellgett,cfellgettar@a8.net,202-572-8082,false,5.3,Chemistry
389,Gib,Fairfoull,gfairfoullas@mayoclinic.com,601-420-5960,true,4,Chemistry
390,Erminia,Mougin,emouginat@latimes.com,113-922-5040,false,5.4,Chemistry
391,Terza,Brabban,tbrabbanau@trellian.com,567-217-9174,true,9.1,Chemistry
392,Sheeree,Ferraraccio,sferraraccioav@topsy.com,140-471-6862,true,4.4,Chemistry
393,Tedda,Woodrow,twoodrowaw@xinhuanet.com,719-738-8572,false,1.2,Chemistry
394,Debora,Elwood,delwoodax@spotify.com,720-365-6748,false,3.5,Chemistry
395,Jacinda,Gallichan,jgallichanay@com.com,748-566-6533,true,9.3,Chemistry
396,Adella,Jaegar,ajaegaraz@umn.edu,306-861-0799,true,8.1,Chemistry
397,Marin,Paula,mpaulab0@ycombinator.com,671-889-3314,true,7.3,Chemistry
398,Emelda,Lawton,elawtonb1@istockphoto.com,472-402-1882,false,2,Chemistry
399,Tove,Votier,tvotierb2@opensource.org,364-201-3627,false,8.7,Physics
400,Jacenta,Bainbrigge,jbainbriggeb3@issuu.com,171-840-3895,false,8.4,Physics
401,Christos,Milmore,cmilmoreb4@hhs.gov,550-499-4209,false,8.8,Physics
402,Dorene,Nuccitelli,dnuccitellib5@amazon.co.uk,586-811-1953,true,1.4,Physics
403,Alyce,Clemmow,aclemmowb6@barnesandnoble.com,797-552-7296,true,3.5,Physics
404,Sara,Giffen,sgiffenb7@csmonitor.com,610-434-5308,true,1.7,Physics
405,Newton,Bailes,nbailesb8@zdnet.com,911-615-7869,false,7.6,Physics
406,Carlee,Culham,cculhamb9@mediafire.com,576-189-1360,false,5.6,Physics
407,Reese,Sisey,rsiseyba@msn.com,512-358-9063,false,9.2,Physics
408,Vanessa,Gavozzi,vgavozzibb@ted.com,760-329-0604,true,5.5,Physics
409,Pierrette,Dymott,pdymottbc@google.it,122-473-1036,true,2.1,Physics
410,Chicky,Summers,csummersbd@foxnews.com,942-282-7103,true,2.3,Physics
411,Pietra,Mulbry,pmulbrybe@illinois.edu,302-565-0214,false,3.6,Physics
412,Rustie,Meys,rmeysbf@is.gd,568-220-1548,false,8.5,Physics
413,Dougie,Bigham,dbighambg@smugmug.com,625-956-1947,false,4.7,Physics
414,Gardener,Gartrell,ggartrellbh@china.com.cn,494-601-2533,true,4.8,Physics
415,Linda,Druitt,ldruittbi@patch.com,228-680-5692,true,2.9,Physics
416,Alvinia,Paik,apaikbj@elpais.com,548-508-8471,true,9.2,Physics
417,Judas,Izatson,jizatsonbk@springer.com,491-426-0653,false,9.8,Physics
418,Ignacio,Hampson,ihampsonbl@hugedomains.com,347-688-8579,true,7.9,Physics
419,Alfreda,Stummeyer,astummeyerbm@typepad.com,551-134-8959,true,2.4,Physics
420,Lorna,Grigolashvill,lgrigolashvillbn@over-blog.com,953-724-7310,false,6.3,Physics
421,Jacky,McGibbon,jmcgibbonbo@google.pl,441-798-9107,false,3.3,Physics
422,Darrelle,Tiler,dtilerbp@github.com,330-208-3019,true,7.3,Physics
423,Jeannette,Presslie,jpressliebq@liveinternet.ru,716-157-9853,true,2.4,Physics
424,Rubie,Poge,rpogebr@quantcast.com,875-145-8492,false,5.4,Physics
425,Jesus,Wilflinger,jwilflingerbs@paginegialle.it,750-479-9875,true,7.6,Physics
426,Avrom,Tansey,atanseybt@yahoo.com,280-676-1644,false,1.1,Physics
427,Charmane,Schaffel,cschaffelbu@howstuffworks.com,660-982-0183,false,4.2,Physics
428,Wendie,Baylay,wbaylaybv@businessweek.com,895-125-3385,false,6.8,Physics
429,Alverta,Blincow,ablincowbw@1688.com,373-724-0190,false,2.1,Physics
430,Skye,Dowtry,sdowtrybx@zdnet.com,601-518-6060,true,1.8,Physics
431,Madelena,Simpkin,msimpkinby@stanford.edu,323-327-2427,false,2.3,Physics
432,Charisse,Bromhead,cbromheadbz@engadget.com,106-153-1583,true,3.8,Physics
433,Nadean,Massingberd,nmassingberdc0@symantec.com,762-732-5226,false,5.8,Physics
434,Raquel,Box,rboxc1@addthis.com,288-573-5023,true,6.4,Physics
435,Lucila,Agott,lagottc2@zdnet.com,810-252-3786,false,8.1,Physics
436,Obie,Acreman,oacremanc3@umn.edu,537-931-5627,true,6.6,Physics
437,Midge,Stannering,mstanneringc4@patch.com,248-303-1645,true,2.8,Physics
438,Kira,Cornthwaite,kcornthwaitec5@theguardian.com,929-291-4029,true,6.9,Physics
439,Dun,Archibald,darchibaldc6@wufoo.com,211-648-3306,true,3,Physics
440,Tildie,Risdall,trisdallc7@vkontakte.ru,574-777-1637,false,4,Physics
441,Jackie,Grute,jgrutec8@shareasale.com,390-259-9395,false,7.7,Physics
442,Jeannette,Denyukin,jdenyukinc9@opensource.org,419-408-9917,false,6.5,Physics
443,Warden,Kenforth,wkenforthca@multiply.com,816-790-0390,false,8.7,Physics
444,Idell,Harsnep,iharsnepcb@archive.org,979-942-0081,false,9.5,Physics
445,Shell,Spurrior,sspurriorcc@sbwire.com,342-300-0848,true,9.6,Physics
446,Constantino,Klewer,cklewercd@umn.edu,250-574-9134,true,4.5,Physics
447,Rhodia,Gillis,rgillisce@aol.com,712-507-4116,true,8,Physics
448,Shay,Volkes,svolkescf@cnbc.com,784-634-0238,false,7.6,Physics
449,Denice,Collerd,dcollerdcg@tmall.com,444-657-2243,false,9,Physics
450,Rubina,Choupin,rchoupinch@salon.com,461-341-1074,false,3.4,Physics
451,Cindee,Peskett,cpeskettci@redcross.org,649-459-7888,false,6.3,Physics
452,Newton,Kelledy,nkelledycj@geocities.com,650-104-9996,true,6.2,Physics
453,Roxy,Turfus,rturfusck@admin.ch,328-860-3434,false,3.4,Physics
454,Mariya,Callander,mcallandercl@cargocollective.com,706-545-7545,true,3.4,Physics
455,Tiffy,Cadreman,tcadremancm@domainmarket.com,396-210-1871,true,9.6,Physics
456,Devin,Strettle,dstrettlecn@home.pl,331-452-4921,false,3.8,Physics
457,Valli,Poytheras,vpoytherasco@photobucket.com,632-475-1627,false,6.2,Physics
458,Witty,de Clercq,wdeclercqcp@newyorker.com,931-154-1528,true,7.1,Physics
459,Lian,Grishinov,lgrishinovcq@skype.com,773-411-3619,false,5.1,Physics
460,Terra,Ianson,tiansoncr@java.com,832-375-7859,true,8.6,Physics
461,Wendi,Duckels,wduckelscs@ft.com,121-691-1265,false,7.8,Physics
462,Demott,Maskrey,dmaskreyct@va.gov,668-809-4283,false,6,Physics
463,Cookie,MacDuff,cmacduffcu@1688.com,982-393-8783,true,2.5,Physics
464,Thekla,Fitzsimmons,tfitzsimmonscv@imdb.com,852-291-4803,false,7.6,Physics
465,Leonard,Neilan,lneilancw@boston.com,518-392-3842,true,8.7,Physics
466,Hannah,Henri,hhenricx@istockphoto.com,954-486-8815,true,4.5,Physics
467,Hoyt,Aloshkin,haloshkincy@mapquest.com,641-949-5322,false,6.9,Physics
468,Frieda,Brigden,fbrigdencz@smugmug.com,735-360-6666,true,2.9,Physics
469,Evangelina,Youde,eyouded0@t.co,229-758-0340,true,5.1,Physics
470,Roxie,Daugherty,rdaughertyd1@baidu.com,291-264-7297,true,5.6,Physics
471,Elie,Huyton,ehuytond2@forbes.com,105-144-6794,false,1,Physics
472,Silvan,Mallya,smallyad3@ox.ac.uk,420-702-1147,true,3,Physics
473,Barnett,Dootson,bdootsond4@dell.com,869-675-6378,false,2.6,Physics
474,Stace,Tilberry,stilberryd5@google.nl,888-111-1799,true,3.5,Physics
475,Naoma,Hlavecek,nhlavecekd6@tripod.com,267-124-5395,false,4.1,Physics
476,Martino,Bartak,mbartakd7@posterous.com,872-470-6339,true,8.1,Physics
477,Barbara-anne,Collar,bcollard8@pagesperso-orange.fr,259-253-1950,false,7.1,Physics
478,Sally,Obal,sobald9@telegraph.co.uk,571-361-2459,true,4.6,Physics
479,Alasteir,Meffan,ameffanda@flickr.com,968-827-6698,true,5.3,Physics
480,Elliott,Hartzogs,ehartzogsdb@cam.ac.uk,490-481-4829,true,9.3,Physics
481,Regen,Geator,rgeatordc@ocn.ne.jp,592-260-3283,true,1.5,Physics
482,Ada,Martinovic,amartinovicdd@slashdot.org,721-920-9742,true,7.7,Physics
483,Dorella,Denacamp,ddenacampde@163.com,235-407-5229,true,8.6,Physics
484,Karlotta,Cowitz,kcowitzdf@elegantthemes.com,600-426-9729,true,7.5,Physics
485,Rosana,Dockrell,rdockrelldg@thetimes.co.uk,719-940-9474,false,6.8,Physics
486,Nathan,Stolting,nstoltingdh@omniture.com,818-283-4490,true,10,Physics
487,Rhonda,Glassopp,rglassoppdi@google.fr,415-436-3661,true,5.1,Physics
488,Basilio,Fruchter,bfruchterdj@latimes.com,577-593-0130,true,6.1,Physics
489,Tabb,Saban,tsabandk@time.com,909-610-3868,false,8.5,Physics
490,Wake,McLeary,wmclearydl@cisco.com,329-332-4858,true,9.6,Physics
491,Albie,Knifton,akniftondm@constantcontact.com,910-952-9122,false,4.8,Physics
492,Renie,Vinten,rvintendn@fastcompany.com,539-226-8959,true,9,Physics
493,Charmane,Baudoux,cbaudouxdo@cmu.edu,716-413-4467,false,9.9,Physics
494,Natalee,Blackleech,nblackleechdp@diigo.com,502-255-4967,true,2.1,Physics
495,Milzie,Garthland,mgarthlanddq@t.co,296-195-5764,true,6,Physics
496,Loria,Freyn,lfreyndr@shutterfly.com,340-288-9825,false,7.9,Physics
497,Claudine,Glashby,cglashbyds@scribd.com,700-884-8184,false,1.1,Chess
498,Chariot,Dewen,cdewendt@wikipedia.org,377-964-1788,false,6.6,Physics
499,Dari,Elcombe,delcombedu@gravatar.com,551-222-7078,false,9.7,Physics
500,Adolphus,Ferronet,aferronetdv@google.com.au,183-399-3097,true,4.1,Physics
501,Shaw,Ambrose,sambrosedw@census.gov,328-865-5885,false,5.8,Physics
502,Morissa,Ruegg,mrueggdx@yellowpages.com,447-483-1544,false,5.7,Physics
503,Belia,Greenly,bgreenlydy@posterous.com,643-350-0550,true,4.1,Physics
504,Gretta,Kepe,gkepedz@cloudflare.com,114-138-1193,true,2.7,Physics
505,Jeffy,Botting,jbottinge0@europa.eu,524-385-8334,true,7.8,Physics
506,Johann,Denyer,jdenyere1@ycombinator.com,375-136-1017,false,2.5,Physics
507,Mychal,Elvin,melvine2@dropbox.com,172-257-0841,false,2.1,Physics
508,Hilda,Tamblyn,htamblyne3@mysql.com,326-658-2913,false,1.1,Physics
509,Tome,Oliveras,toliverase4@ameblo.jp,160-366-0154,true,2.5,Physics
510,Myrvyn,White,mwhitee5@dion.ne.jp,962-373-4230,false,8.6,Physics
511,Ashlie,Jennens,ajennense6@exblog.jp,179-367-6801,false,1.2,Physics
512,Finn,Ludford,fludforde7@vinaora.com,587-161-5309,false,3.5,Physics
513,Trstram,Chucks,tchuckse8@google.ca,307-147-5698,true,6.3,Physics
514,Cleon,Longthorn,clongthorne9@washingtonpost.com,995-579-3696,true,1.3,Physics
515,Denys,Wintringham,dwintringhamea@sina.com.cn,212-196-3043,false,1.9,Physics
516,Tamra,Summerly,tsummerlyeb@google.co.uk,199-420-1513,false,3.4,Physics
517,Madalyn,Dursley,mdursleyec@desdev.cn,258-747-4884,true,4.7,Physics
518,Georgy,Lochead,glocheaded@taobao.com,217-478-0715,false,6.7,Physics
519,Danila,Woolsey,dwoolseyee@wikispaces.com,656-670-3049,false,5.9,Physics
520,Wade,Amps,wampsef@free.fr,395-205-8875,true,7.2,Physics
521,Nick,Curtain,ncurtaineg@usda.gov,874-319-9559,true,3.4,Physics
522,Mendel,Christoffe,mchristoffeeh@wordpress.com,699-231-6219,false,1.1,Physics
523,Talbot,Cosley,tcosleyei@acquirethisname.com,692-696-3298,true,1.3,Physics
524,Lennie,Roux,lrouxej@nytimes.com,416-342-1327,true,1.9,Physics
525,Barclay,Pople,bpopleek@ed.gov,984-764-8448,false,4,Physics
526,Papageno,Pierri,ppierriel@jimdo.com,351-344-6552,false,6.7,Physics
527,Matti,Brickett,mbrickettem@cmu.edu,844-910-5795,false,7.6,Physics
528,Wilmer,Spohrmann,wspohrmannen@slideshare.net,675-559-1700,false,8.8,Physics
529,Wilmar,Mayo,wmayoeo@etsy.com,429-476-6342,true,3.7,Physics
530,Joceline,Durdan,jdurdanep@wikispaces.com,402-153-1094,false,6.2,Physics
531,Ezekiel,McPeice,emcpeiceeq@chronoengine.com,980-650-8847,false,8.8,Physics
532,Giana,Jessep,gjesseper@pagesperso-orange.fr,352-937-4176,false,1.3,Physics
533,Edmon,Foster-Smith,efostersmithes@moonfruit.com,395-500-9092,true,6.3,Physics
534,Gabriel,Sambell,gsambellet@hexun.com,892-609-5770,true,7,Physics
535,Brooke,Iacobucci,biacobuccieu@lulu.com,843-164-0910,true,7.5,Physics
536,Augustin,Stimson,astimsonev@businessinsider.com,299-583-0128,false,7.1,Physics
537,Ally,Yacobsohn,ayacobsohnew@usa.gov,766-660-4121,true,3.9,Physics
538,Gayleen,Farrar,gfarrarex@youtu.be,211-170-7052,false,7.7,Physics
539,Allx,Hirche,ahircheey@unesco.org,381-302-7952,true,2.6,Physics
540,Sarette,Smickle,ssmickleez@shinystat.com,372-318-6402,false,1.2,Physics
541,Darbie,Tisor,dtisorf0@amazon.co.uk,857-132-2820,false,6.3,Physics
542,Erhard,Grindell,egrindellf1@ovh.net,872-887-5179,false,6.3,Physics
543,Jourdain,Breslin,jbreslinf2@ustream.tv,203-998-4284,true,3.8,Physics
544,Lacie,Roche,lrochef3@hp.com,208-818-3427,false,4.7,Physics
545,Baryram,Ison,bisonf4@surveymonkey.com,885-882-0684,false,8.7,Physics
546,Lyndy,Brookesbie,lbrookesbief5@vinaora.com,194-558-7774,true,6.4,Physics
547,Maren,Grinter,mgrinterf6@blogger.com,379-744-0138,false,2.4,Physics
548,Lethia,Chellenham,lchellenhamf7@scientificamerican.com,949-640-4707,false,8.4,Physics
549,Drusie,Cashen,dcashenf8@biblegateway.com,750-639-4423,true,7,Physics
550,Fedora,Illsley,fillsleyf9@dailymail.co.uk,346-772-3810,true,4.6,Physics
551,Dedra,Bischof,dbischoffa@dailymail.co.uk,288-578-7840,false,1.1,Physics
552,Shandra,Rowatt,srowattfb@comcast.net,916-483-0903,false,3.4,Physics
553,Zola,Tangye,ztangyefc@marketwatch.com,457-189-1529,false,7.8,Physics
554,Alexandr,Owers,aowersfd@cnn.com,870-712-8567,true,6.2,Physics
555,Sax,Bonallick,sbonallickfe@nbcnews.com,360-890-0167,false,9.5,Physics
556,Edythe,Isley,eisleyff@vinaora.com,772-485-5743,false,9.7,Physics
557,Harri,Whitty,hwhittyfg@uiuc.edu,179-302-0614,false,4.1,Physics
558,Tadeas,Styant,tstyantfh@webmd.com,101-345-2948,false,3.6,Physics
559,Anatollo,Tarbert,atarbertfi@exblog.jp,308-595-1355,true,1.1,Physics
560,Granthem,Vasechkin,gvasechkinfj@example.com,329-699-6140,false,5.8,Physics
561,Barb,Mielnik,bmielnikfk@skyrock.com,319-250-8708,false,7.3,Physics
562,Karola,Follit,kfollitfl@sina.com.cn,655-109-2533,true,9.4,Physics
563,Cristie,Strattan,cstrattanfm@upenn.edu,557-572-2102,true,3.8,Physics
564,Marys,Ruler,mrulerfn@washington.edu,690-773-9329,false,1.6,Physics
565,Myrah,Cock,mcockfo@yandex.ru,102-364-9903,false,3.5,Physics
566,Horton,Sipson,hsipsonfp@usa.gov,584-761-3567,false,4.2,Physics
567,Filia,Zanini,fzaninifq@dedecms.com,258-633-0380,true,4,Physics
568,Vanda,Haskew,vhaskewfr@stanford.edu,738-201-4813,true,3.5,Physics
569,Bernelle,Elbourne,belbournefs@patch.com,313-986-4445,true,7.1,Physics
570,Dot,Smowton,dsmowtonft@yahoo.com,208-943-5545,true,7.5,Physics
571,Irma,Scholar,ischolarfu@gov.uk,564-707-2367,true,2,Physics
572,Verna,Zupa,vzupafv@wikispaces.com,349-139-1094,false,3.7,Physics
573,Winn,Lilbourne,wlilbournefw@wikimedia.org,988-220-9902,false,1.3,Physics
574,Mathe,Cothey,mcotheyfx@businessweek.com,363-625-8915,true,2.3,Physics
575,Eric,Benwell,ebenwellfy@4shared.com,935-264-7613,false,8,Physics
576,Bradly,Rait,braitfz@theatlantic.com,350-776-0924,false,2.5,Physics
577,Nichole,Stone,nstoneg0@networkadvertising.org,156-676-5716,true,5.6,Physics
578,Anastasie,Hollier,ahollierg1@google.com.hk,668-295-3051,true,6.5,Physics
579,Mikkel,Giamuzzo,mgiamuzzog2@about.com,414-839-6316,false,3.3,Physics
580,Margalo,Sallans,msallansg3@berkeley.edu,327-108-9523,false,3.7,Physics
581,Adrianna,Scrivenor,ascrivenorg4@storify.com,637-870-4612,true,1.2,Physics
582,Charlene,Normanton,cnormantong5@ehow.com,769-306-7443,true,5.5,Physics
583,Giana,Chessun,gchessung6@deliciousdays.com,680-753-9830,false,5.1,Physics
584,Jock,Tubby,jtubbyg7@sphinn.com,741-950-3199,true,4.8,Physics
585,Portie,Argent,pargentg8@wisc.edu,609-930-7028,true,8.9,Physics
586,Eadmund,Nerney,enerneyg9@amazon.de,163-531-6282,false,6,Physics
587,Adelaida,Murney,amurneyga@wikispaces.com,549-114-5091,true,7.1,Physics
588,Kendrick,Coda,kcodagb@admin.ch,950-678-9272,true,4.2,Physics
589,Jasper,Gully,jgullygc@google.co.jp,590-414-6538,true,8,Physics
590,Kerstin,Caslett,kcaslettgd@nydailynews.com,710-860-6243,true,4.7,Physics
591,Tamara,Frany,tfranyge@geocities.jp,111-366-4614,true,1.8,Physics
592,Stephen,Gallally,sgallallygf@marketwatch.com,741-464-3393,false,3.3,Physics
593,Vite,Hebard,vhebardgg@google.com,690-835-3854,false,1.7,Physics
594,Drucie,Ronayne,dronaynegh@oaic.gov.au,741-935-8043,false,6.6,Physics
595,Benji,Littrell,blittrellgi@ebay.co.uk,779-777-0681,false,3.5,Physics
596,Myrna,Reddihough,mreddihoughgj@ocn.ne.jp,357-309-7155,false,7.1,Physics
597,Trent,Franiak,tfraniakgk@liveinternet.ru,465-377-1975,true,7.1,Physics
598,Georgena,Borzoni,gborzonigl@state.gov,280-279-9720,false,5.5,Physics
599,Serene,Kerman,skermangm@bing.com,935-736-4405,false,4,Physics
600,Petr,D' Angelo,pdangelogn@hostgator.com,113-294-8538,false,7,Physics
601,Lishe,Bausor,lbausorgo@npr.org,863-883-0739,true,2,Physics
602,Marcelle,Burchfield,mburchfieldgp@accuweather.com,693-297-5443,true,1.2,Physics
603,Wynne,Scryne,wscrynegq@sciencedirect.com,335-904-0793,false,5.5,Physics
604,Kristan,Stayt,kstaytgr@51.la,669-935-5630,true,2.8,Physics
605,Jo ann,Taks,jtaksgs@reddit.com,260-727-5631,true,2.7,Physics
606,Ivy,Oxenden,ioxendengt@naver.com,225-507-1936,true,7.9,Physics
607,Margo,Jessel,mjesselgu@home.pl,969-609-9256,false,5.1,Physics
608,Rani,Ivanyukov,rivanyukovgv@europa.eu,573-633-4992,true,8.5,Physics
609,Lindsey,Feenan,lfeenangw@t-online.de,354-533-3033,true,4,Physics
610,Philipa,McBrier,pmcbriergx@google.com.br,706-502-5907,false,7.5,Physics
611,Rori,Robilart,rrobilartgy@e-recht24.de,677-930-2464,true,1,Physics
612,Sorcha,Divis,sdivisgz@issuu.com,750-131-8441,true,3.3,Physics
613,Martie,Gladbeck,mgladbeckh0@fc2.com,147-111-8476,true,4.4,Physics
614,Henriette,Pattillo,hpattilloh1@toplist.cz,170-172-7699,true,5.2,Physics
615,Corbie,Joanaud,cjoanaudh2@google.com.br,238-639-7732,true,2.2,Physics
616,Clementine,Bourke,cbourkeh3@cyberchimps.com,936-596-3392,true,8.4,Physics
617,Joyous,Alster,jalsterh4@wordpress.org,855-221-7270,true,2.4,Physics
618,Willi,Cockshut,wcockshuth5@yale.edu,674-639-4425,false,7.4,Physics
619,Estele,Skeermer,eskeermerh6@telegraph.co.uk,653-751-2805,true,2.7,Physics
620,Angelle,Collidge,acollidgeh7@vistaprint.com,459-497-8965,false,2,Physics
621,Mallorie,Tunnoch,mtunnochh8@slashdot.org,679-766-2209,false,1.8,Physics
622,Dew,Winspear,dwinspearh9@timesonline.co.uk,940-447-4261,false,2.3,Physics
623,Nicolai,Wayt,nwaytha@nationalgeographic.com,931-117-1997,true,7.4,Physics
624,Ruben,Glossup,rglossuphb@com.com,507-254-1850,true,7.3,Physics
625,Curry,Beadles,cbeadleshc@disqus.com,970-475-5896,true,6.1,Physics
626,Almeria,Galvan,agalvanhd@over-blog.com,368-843-9079,true,3.3,Physics
627,Carter,Harcourt,charcourthe@gmpg.org,620-610-3556,true,8.6,Physics
628,Guthrey,Chave,gchavehf@pinterest.com,202-462-5517,true,8.5,Physics
629,Cathee,Donan,cdonanhg@sfgate.com,998-814-9202,true,1.4,Physics
630,Toma,Matzaitis,tmatzaitishh@walmart.com,208-526-2518,true,1,Physics
631,Hildagarde,Hursey,hhurseyhi@ca.gov,471-288-6090,false,1.8,Physics
632,Fara,Skones,fskoneshj@cnbc.com,637-742-0243,true,9.9,Physics
633,Calli,Belham,cbelhamhk@gravatar.com,572-193-6456,true,4.5,Physics
634,Douglass,De la Yglesia,ddelayglesiahl@dot.gov,733-895-3335,false,1.6,Physics
635,Starlene,Aldwick,saldwickhm@vkontakte.ru,642-456-6900,false,7.1,Physics
636,Vanny,Mate,vmatehn@flavors.me,383-550-2992,false,4.1,Physics
637,Sari,McQuorkel,smcquorkelho@nih.gov,243-334-0439,false,4.9,Physics
638,Kellyann,Di Baudi,kdibaudihp@reuters.com,175-150-8982,false,8.5,Physics
639,Mike,Kindon,mkindonhq@dailymotion.com,654-974-0319,false,9.3,Physics
640,Arel,Wattingham,awattinghamhr@adobe.com,939-839-5010,true,9.3,Physics
641,Gilburt,Kettleson,gkettlesonhs@merriam-webster.com,881-720-4474,false,6.6,Physics
642,Adeline,Speed,aspeedht@nhs.uk,654-688-3107,true,9.5,Physics
643,Tillie,Tomblin,ttomblinhu@google.com.br,964-982-1041,true,9.4,Physics
644,Francisco,Jollie,fjolliehv@unicef.org,990-108-4864,false,5.9,Physics
645,Jsandye,Northleigh,jnorthleighhw@ftc.gov,379-820-5099,true,4.8,Physics
646,Wain,Allsobrook,wallsobrookhx@newsvine.com,293-168-2184,false,3.2,Physics
647,Marcos,Coyne,mcoynehy@java.com,260-414-6404,true,1.2,Physics
648,Giordano,Storrah,gstorrahhz@e-recht24.de,601-600-5982,true,5.3,Physics
649,Siobhan,Bengough,sbengoughi0@dmoz.org,556-636-8933,false,6.7,Physics
650,Joan,Swepstone,jswepstonei1@yelp.com,560-962-6707,true,5.5,Physics
651,Quincy,Treleven,qtreleveni2@4shared.com,251-636-6652,true,9.8,Physics
652,Tallia,Kemmish,tkemmishi3@ucla.edu,711-555-2724,true,4,Physics
653,Clemmie,Blenkhorn,cblenkhorni4@addtoany.com,690-454-8513,true,5.5,Physics
654,Rozalin,Mayor,rmayori5@amazon.co.jp,760-513-2561,true,9.7,Physics
655,Michel,Khristoforov,mkhristoforovi6@linkedin.com,372-638-5958,true,4.3,Physics
656,Randolf,Hundal,rhundali7@360.cn,958-303-8737,false,8.1,Physics
657,Quinlan,Venning,qvenningi8@telegraph.co.uk,947-659-2861,false,2.4,Physics
658,Sebastien,Angerstein,sangersteini9@latimes.com,137-135-9344,true,2,Physics
659,Mariya,Gathercole,mgathercoleia@moonfruit.com,144-266-5289,false,1.1,Physics
660,Shelba,Dunklee,sdunkleeib@un.org,132-645-5947,false,2.9,Physics
661,Samuele,Swiers,sswiersic@illinois.edu,619-404-6164,false,8.2,Physics
662,Zedekiah,Spindler,zspindlerid@smh.com.au,727-197-4668,true,2.4,Physics
663,Quill,Lyne,qlyneie@issuu.com,984-259-5215,false,7.7,Physics
664,Symon,Armer,sarmerif@paypal.com,469-482-9266,false,2.3,Physics
665,Gwendolin,Fontaine,gfontaineig@biglobe.ne.jp,875-560-5486,false,4.3,Physics
666,Delainey,Crosthwaite,dcrosthwaiteih@europa.eu,898-865-0709,false,1.4,Physics
667,Sigrid,Mattke,smattkeii@yelp.com,242-488-7982,true,6.5,Physics
668,Boote,Jubb,bjubbij@nasa.gov,749-713-7470,true,9.9,Physics
669,Matilde,Kubanek,mkubanekik@google.co.uk,618-229-7279,false,7,Physics
670,Jocelyne,Kopisch,jkopischil@shutterfly.com,371-699-4704,false,9.2,Physics
671,Booth,Tavener,btavenerim@house.gov,937-897-3641,false,3.3,Physics
672,Eyde,Oganesian,eoganesianin@sfgate.com,950-808-3280,false,6,Physics
673,Claire,Dineen,cdineenio@ed.gov,715-743-5381,false,3.8,Physics
674,Mendy,Search,msearchip@wikipedia.org,877-540-7245,false,1.5,Physics
675,Theresita,Koschek,tkoschekiq@bravesites.com,787-695-0352,false,6.1,Physics
676,Kissiah,Clarae,kclaraeir@google.de,869-564-3916,true,4.5,Physics
677,Joellen,Tandey,jtandeyis@shinystat.com,918-527-8460,false,4.9,Physics
678,Isadore,Stallan,istallanit@newsvine.com,774-219-2941,false,9.8,Physics
679,Marleen,Gillogley,mgillogleyiu@wikipedia.org,762-529-3617,true,5.2,Physics
680,Sunny,D'Emanuele,sdemanueleiv@bluehost.com,619-591-7270,true,9.2,Physics
681,Kory,Hedman,khedmaniw@bravesites.com,856-645-5990,true,9,Physics
682,Muhammad,Lashmore,mlashmoreix@behance.net,328-307-3467,true,9.2,Physics
683,Joycelin,Bodell,jbodelliy@pbs.org,619-367-8155,true,3.1,Physics
684,Valentine,Dismore,vdismoreiz@independent.co.uk,500-658-4466,false,8.4,Physics
685,Trenton,Sirett,tsirettj0@miitbeian.gov.cn,511-808-7205,true,7.2,Physics
686,Alix,Dionisio,adionisioj1@wp.com,426-398-2422,false,6.8,Physics
687,Pansy,McCarrick,pmccarrickj2@live.com,440-827-4668,false,2,Physics
688,Effie,Medgwick,emedgwickj3@webnode.com,581-668-8464,true,5.6,Physics
689,Basia,Kobierski,bkobierskij4@nationalgeographic.com,821-609-4626,true,3.4,Chess
690,Bard,Konerding,bkonerdingj5@hp.com,770-911-2640,false,8.3,Chess
691,Meggi,Buey,mbueyj6@nature.com,464-593-3142,true,2.4,Chess
692,Allene,Shirley,ashirleyj7@engadget.com,805-875-2362,false,6.9,Chess
693,Salvidor,Braunter,sbraunterj8@elpais.com,268-113-8497,false,8.8,Chess
694,Konstance,Beggs,kbeggsj9@sogou.com,961-806-0911,true,9.3,Chess
695,Ronny,Snadden,rsnaddenja@instagram.com,956-744-7977,false,2.6,Chess
696,Morse,Hartford,mhartfordjb@marketwatch.com,673-437-6393,true,2.7,Chess
697,Warner,Kopacek,wkopacekjc@jugem.jp,298-855-8774,true,5.3,Chess
698,Ninette,Cund,ncundjd@unicef.org,741-308-5985,true,9.1,Chess
699,Bruis,Jahner,bjahnerje@kickstarter.com,476-470-2915,false,3,Chess
700,Kevon,Gobolos,kgobolosjf@meetup.com,857-930-5672,false,4.2,Chess
701,Maxim,Beldum,mbeldumjg@cbsnews.com,110-196-0211,false,3.6,Chess
702,Mikol,Colthard,mcolthardjh@house.gov,671-293-8306,false,6.4,Chess
703,Marjorie,Thornham,mthornhamji@deviantart.com,914-842-2424,true,7.8,Chess
704,Cindy,McGhee,cmcgheejj@ft.com,407-198-2741,true,2.7,Chess
705,Morris,Gallo,mgallojk@netlog.com,922-343-3362,true,6,Chess
706,Weidar,Moffett,wmoffettjl@umich.edu,747-496-7379,false,1.2,Chess
707,Ag,Millwall,amillwalljm@digg.com,348-645-1949,false,8.9,Chess
708,Hamish,Cankett,hcankettjn@yandex.ru,837-186-9163,false,7.9,Chess
709,Shelley,Boddymead,sboddymeadjo@apache.org,360-966-3587,false,8.2,Chess
710,Rafaelia,Scorer,rscorerjp@chicagotribune.com,673-500-1890,true,7.2,Chess
711,Doyle,Stracey,dstraceyjq@home.pl,375-642-8270,false,3.4,Chess
712,Omar,Ackrill,oackrilljr@drupal.org,902-902-7251,true,4.8,Chess
713,Liane,Wybern,lwybernjs@thetimes.co.uk,281-761-4027,false,6.3,Chess
714,Janelle,Farloe,jfarloejt@exblog.jp,701-479-4772,false,5.6,Chess
715,Brice,Osichev,bosichevju@cam.ac.uk,101-408-1726,false,7.6,Chess
716,Randolph,Cleveland,rclevelandjv@sfgate.com,702-263-2944,true,6.3,Chess
717,Marje,Goady,mgoadyjw@issuu.com,110-420-6197,false,4.7,Basket Weaving
718,Adiana,Micheau,amicheaujx@cloudflare.com,815-627-8090,true,6.7,Basket Weaving
719,Gabe,Mansion,gmansionjy@google.pl,793-587-6968,true,6.5,Basket Weaving
720,Mildrid,Kinnon,mkinnonjz@photobucket.com,994-613-6739,false,4.6,Basket Weaving
721,Danya,Blazeby,dblazebyk0@baidu.com,496-225-1515,true,4.6,Basket Weaving
722,Penni,Beniesh,pbenieshk1@nationalgeographic.com,556-129-6112,false,1.1,Basket Weaving
723,Shayla,Meus,smeusk2@rediff.com,128-567-1436,true,1.9,Basket Weaving
724,Aurelia,Caitlin,acaitlink3@mysql.com,502-475-4987,true,4.4,Basket Weaving
725,Ingmar,Radley,iradleyk4@example.com,322-682-3133,false,1.8,Basket Weaving
726,Mitchael,Haryngton,mharyngtonk5@networksolutions.com,854-573-6575,false,2.8,Basket Weaving
727,Aridatha,Marvelley,amarvelleyk6@loc.gov,953-328-7887,false,1,Basket Weaving
728,Mack,Joice,mjoicek7@loc.gov,304-779-8435,false,7.2,Basket Weaving
729,Reese,Loram,rloramk8@google.com.au,407-105-4791,false,6.8,Basket Weaving
730,Barnabe,Moulsdall,bmoulsdallk9@xrea.com,622-382-4178,false,1.4,Basket Weaving
731,Celie,Deery,cdeeryka@feedburner.com,970-574-6116,true,4.1,Basket Weaving
732,Chrissy,Bowie,cbowiekb@constantcontact.com,182-751-6901,false,7.8,Basket Weaving
733,Wainwright,Navaro,wnavarokc@constantcontact.com,948-482-7491,true,5.1,Basket Weaving
734,Giffard,McClymond,gmcclymondkd@ft.com,141-424-5521,true,8.8,Basket Weaving
735,Joana,Shinner,jshinnerke@mediafire.com,520-371-0657,false,5.5,Basket Weaving
736,Roseann,Wittman,rwittmankf@springer.com,158-521-3236,true,7.7,Basket Weaving
737,Lelia,Mallall,lmallallkg@miitbeian.gov.cn,961-294-4730,true,7.8,Basket Weaving
738,Rene,Terbruggen,rterbruggenkh@google.ru,371-608-5383,false,9.9,Basket Weaving
739,Doralyn,Kubin,dkubinki@businesswire.com,854-157-4746,false,7.8,Basket Weaving
740,Annadiana,Wildey,awildeykj@intel.com,951-517-0427,true,1.4,Basket Weaving
741,Claudian,Duffett,cduffettkk@ameblo.jp,598-327-8312,true,9,Basket Weaving
742,Micki,Carter,mcarterkl@artisteer.com,224-453-0775,false,8.5,Basket Weaving
743,Aluin,Pegler,apeglerkm@theatlantic.com,296-967-6686,true,8.4,Basket Weaving
744,Amargo,Adamini,aadaminikn@columbia.edu,202-840-4532,true,6.4,Basket Weaving
745,Terese,Borkin,tborkinko@adobe.com,401-301-2707,false,1.7,Basket Weaving
746,Suzette,Dullingham,sdullinghamkp@friendfeed.com,267-592-1986,true,5.6,Basket Weaving
747,Quintilla,Leythley,qleythleykq@google.co.uk,618-615-8048,true,2.9,Basket Weaving
748,Cross,De Dei,cdedeikr@slashdot.org,321-822-6100,true,8.1,Basket Weaving
749,Karen,Bullcock,kbullcockks@icq.com,956-724-9697,false,5.2,Basket Weaving
750,Donnell,Lowfill,dlowfillkt@hibu.com,571-246-4876,true,1.1,Basket Weaving
751,Arlie,Camilleri,acamilleriku@slashdot.org,218-113-6970,false,5.6,Basket Weaving
752,Benetta,Cruikshank,bcruikshankkv@mozilla.org,898-259-1679,false,5.7,Basket Weaving
753,Shermie,Martyntsev,smartyntsevkw@reference.com,739-708-8141,true,2,Basket Weaving
754,Thacher,Lauritzen,tlauritzenkx@gmpg.org,489-611-1009,false,5,Basket Weaving
755,Tiertza,Hedgecock,thedgecockky@europa.eu,639-900-1380,false,6.3,Basket Weaving
756,Renaud,Cardow,rcardowkz@list-manage.com,622-419-0548,false,7.5,Basket Weaving
757,Steffane,Treamayne,streamaynel0@techcrunch.com,810-168-5672,true,3.9,Basket Weaving
758,Cathie,Casaccia,ccasaccial1@xinhuanet.com,863-596-1706,true,5.8,Basket Weaving
759,Meredeth,Ivanishev,mivanishevl2@blogspot.com,454-294-7717,true,4.1,Basket Weaving
760,Ave,Maxwaile,amaxwailel3@china.com.cn,323-984-7623,false,3.7,Basket Weaving
761,Louisette,De Goey,ldegoeyl4@w3.org,147-446-9272,false,1.9,Basket Weaving
762,Baily,McNicol,bmcnicoll5@cdc.gov,660-341-6385,false,3.2,Basket Weaving
763,Felike,Hacking,fhackingl6@hp.com,892-881-9604,false,6.1,Basket Weaving
764,Lindy,Gold,lgoldl7@so-net.ne.jp,437-471-1192,true,6.5,Basket Weaving
765,Opaline,McCafferky,omccafferkyl8@go.com,904-600-4084,false,2.1,Basket Weaving
766,Tarrah,Rappoport,trappoportl9@gnu.org,632-857-1970,true,3.3,Basket Weaving
767,Fredelia,Yoodall,fyoodallla@walmart.com,748-407-3763,true,10,Basket Weaving
768,Carri,Abramamovh,cabramamovhlb@list-manage.com,748-736-9879,true,9.6,Basket Weaving
769,Jorry,Delamar,jdelamarlc@yahoo.co.jp,666-143-9403,false,1.5,Basket Weaving
770,Trude,Haitlie,thaitlield@reddit.com,661-321-2554,false,7.2,Basket Weaving
771,Webb,Tort,wtortle@people.com.cn,525-187-5142,true,1.9,Basket Weaving
772,Rhea,Bilbey,rbilbeylf@hp.com,268-748-8032,false,2.6,Basket Weaving
773,Oby,Patifield,opatifieldlg@shop-pro.jp,797-412-0397,true,2,Basket Weaving
774,Amye,Saladino,asaladinolh@qq.com,852-802-3538,false,7.5,Basket Weaving
775,Lorrie,Plues,lpluesli@timesonline.co.uk,393-534-8745,false,1.4,Basket Weaving
776,Ben,Lehr,blehrlj@shop-pro.jp,957-556-7654,false,8,Basket Weaving
777,Judah,Willars,jwillarslk@cnet.com,754-827-7251,false,3.7,Basket Weaving
778,Pembroke,Vickars,pvickarsll@1688.com,746-336-0892,true,2.6,Basket Weaving
779,Dehlia,Worcs,dworcslm@blinklist.com,622-445-7888,true,4.2,Basket Weaving
780,Derrek,Marks,dmarksln@youku.com,858-439-0646,true,5.9,Basket Weaving
781,Fabien,Tuplin,ftuplinlo@ucla.edu,247-888-4260,false,2.6,Basket Weaving
782,Fidole,Killingworth,fkillingworthlp@linkedin.com,876-423-5281,true,8.2,Basket Weaving
783,Jess,Silbermann,jsilbermannlq@studiopress.com,266-651-1167,true,8.7,Basket Weaving
784,Shaylah,Gieraths,sgierathslr@japanpost.jp,608-516-5703,true,4.7,Basket Weaving
785,Cristian,Imlaw,cimlawls@ow.ly,658-101-8812,false,6.3,Basket Weaving
786,Stanford,Skingley,sskingleylt@ibm.com,818-492-4156,false,4,Basket Weaving
787,Laurie,Skures,lskureslu@wufoo.com,595-394-8146,true,6.7,Basket Weaving
788,Myles,Sarl,msarllv@de.vu,939-251-8436,true,6.9,Basket Weaving
789,Celene,Pady,cpadylw@seattletimes.com,808-628-9067,false,7.3,Basket Weaving
790,Shelby,Wilfinger,swilfingerlx@geocities.com,990-742-4520,false,9.8,Basket Weaving
791,Auberta,Jozsef,ajozsefly@europa.eu,261-351-9736,true,3.1,Basket Weaving
792,Hedy,Shulver,hshulverlz@bizjournals.com,499-974-0703,false,1.2,Basket Weaving
793,Harlene,Novakovic,hnovakovicm0@usnews.com,335-900-3077,true,6.1,Basket Weaving
794,George,Mahood,gmahoodm1@vinaora.com,760-260-4331,false,1.8,Basket Weaving
795,Gary,Croney,gcroneym2@cnn.com,700-174-3720,false,8.4,Basket Weaving
796,Rhona,Sutton,rsuttonm3@imgur.com,674-174-8314,false,9.5,Basket Weaving
797,Bevon,Stidever,bstideverm4@nyu.edu,171-581-2284,false,7.1,Basket Weaving
798,Konrad,Beuscher,kbeuscherm5@liveinternet.ru,276-585-0953,true,6.6,Basket Weaving
799,Howard,Uvedale,huvedalem6@slideshare.net,217-113-0122,true,4.3,Basket Weaving
800,Kiersten,De Courtney,kdecourtneym7@vimeo.com,539-573-8567,false,4.4,Basket Weaving
801,Kira,Eilhart,keilhartm8@yahoo.com,433-957-2547,false,1.5,Basket Weaving
802,Sarina,Ebbett,sebbettm9@patch.com,484-898-7194,true,3.1,Basket Weaving
803,Hanny,Armitt,harmittma@angelfire.com,451-514-3829,true,6.9,Basket Weaving
804,Sherm,Swales,sswalesmb@yale.edu,207-274-5205,false,6.8,Basket Weaving
805,Paquito,Scrancher,pscranchermc@ucoz.ru,217-316-2709,false,8.8,Basket Weaving
806,Adelheid,Gurry,agurrymd@exblog.jp,998-365-4116,true,5.6,Basket Weaving
807,Thelma,Laffin,tlaffinme@wisc.edu,767-985-1194,true,1.3,Basket Weaving
808,Trent,Tomblett,ttomblettmf@time.com,974-465-5085,false,4.1,Basket Weaving
809,Marketa,Stayte,mstaytemg@illinois.edu,765-115-1004,true,6,Basket Weaving
810,Ber,Mortel,bmortelmh@prnewswire.com,411-216-5226,false,5.7,Basket Weaving
811,Wilburt,Tomik,wtomikmi@ocn.ne.jp,263-364-9906,true,6.1,Basket Weaving
812,Clarance,Breeton,cbreetonmj@netlog.com,975-117-1127,true,2.3,Basket Weaving
813,Etti,Paulou,epauloumk@illinois.edu,661-673-8987,false,1.9,Basket Weaving
814,Nicolai,Skym,nskymml@berkeley.edu,621-343-2714,true,9.2,Basket Weaving
815,Libbey,Prujean,lprujeanmm@posterous.com,183-881-4999,false,2.2,Basket Weaving
816,Mimi,Helversen,mhelversenmn@whitehouse.gov,541-140-7142,false,9.5,Basket Weaving
817,Kath,Ballantyne,kballantynemo@princeton.edu,388-851-9406,true,5.2,Basket Weaving
818,Haroun,Carlyle,hcarlylemp@devhub.com,682-820-5844,false,7.1,Basket Weaving
819,Shem,Tranfield,stranfieldmq@ovh.net,875-370-8514,true,7.1,Basket Weaving
820,Aleda,Readwood,areadwoodmr@telegraph.co.uk,754-137-9570,false,4.7,Basket Weaving
821,Nanine,Dymock,ndymockms@fc2.com,691-261-9337,true,9.8,Basket Weaving
822,Codi,Welldrake,cwelldrakemt@walmart.com,131-337-1966,true,2.7,Basket Weaving
823,Orsa,Rodman,orodmanmu@xinhuanet.com,913-253-6096,false,7.5,Basket Weaving
824,Phillip,Childes,pchildesmv@barnesandnoble.com,402-571-5292,false,5.1,Basket Weaving
825,Corella,Lukes,clukesmw@webs.com,374-855-6599,true,7.5,Basket Weaving
826,Newton,Philott,nphilottmx@joomla.org,174-606-1677,true,5.2,Basket Weaving
827,Jamil,De Castri,jdecastrimy@loc.gov,768-545-3888,true,3.3,Basket Weaving
828,Redford,Cresser,rcressermz@msn.com,893-823-7490,true,5.5,Basket Weaving
829,Lidia,Woodvine,lwoodvinen0@reddit.com,352-810-3220,false,7.3,Basket Weaving
830,Ezri,Apple,eapplen1@microsoft.com,535-714-0920,true,8.3,Basket Weaving
831,Elvis,Dunsford,edunsfordn2@ucla.edu,300-511-2074,false,9.1,Basket Weaving
832,Lonni,Hafford,lhaffordn3@omniture.com,716-478-1242,true,7.9,Basket Weaving
833,Lenka,Meddows,lmeddowsn4@nba.com,882-263-3669,true,6.2,Basket Weaving
834,Jarrid,Portress,jportressn5@nationalgeographic.com,903-305-8315,false,8.1,Basket Weaving
835,Brigitta,Canet,bcanetn6@usa.gov,217-717-6989,true,9.2,Basket Weaving
836,Natala,Gaskal,ngaskaln7@freewebs.com,693-132-0222,false,3.2,Basket Weaving
837,Neall,Abramin,nabraminn8@usda.gov,513-897-8371,false,8.6,Basket Weaving
838,Haroun,Greated,hgreatedn9@taobao.com,892-674-3098,true,4.4,Basket Weaving
839,Palm,Tattersill,ptattersillna@dailymail.co.uk,790-844-2914,true,8.5,Basket Weaving
840,Wilbur,Lammert,wlammertnb@macromedia.com,915-865-6210,true,5.7,Basket Weaving
841,Sarene,Crayker,scraykernc@bbb.org,971-484-4902,true,6,Basket Weaving
842,Karyl,Ashelford,kashelfordnd@joomla.org,529-277-4513,true,5.4,Basket Weaving
843,Malva,Shemilt,mshemiltne@dagondesign.com,490-165-1629,true,3.1,Basket Weaving
844,Alexina,Mellenby,amellenbynf@jiathis.com,368-306-6704,false,8.5,Basket Weaving
845,Deeanne,O' Quirk,doquirkng@flavors.me,763-947-4037,true,1.2,Basket Weaving
846,Brunhilde,Angus,bangusnh@state.tx.us,320-329-7915,false,6,Basket Weaving
847,Teresina,Mouse,tmouseni@fema.gov,428-277-5125,true,2.8,Basket Weaving
848,Honor,Kerins,hkerinsnj@pbs.org,605-653-3430,false,8.9,Basket Weaving
849,Tory,Engledow,tengledownk@wordpress.org,218-411-0244,true,4.7,Basket Weaving
850,Eddy,Jiggen,ejiggennl@google.co.jp,251-913-4351,false,2.6,Basket Weaving
851,Marnie,Ryall,mryallnm@phoca.cz,464-713-5754,true,6.4,Basket Weaving
852,Barbra,Rany,branynn@cargocollective.com,297-833-0280,false,7,Basket Weaving
853,Camella,Hollyar,chollyarno@xing.com,772-697-5769,true,8.6,Basket Weaving
854,Koenraad,Braxay,kbraxaynp@elpais.com,812-435-4415,true,6.4,Basket Weaving
855,Lexine,McLleese,lmclleesenq@squarespace.com,107-127-1897,false,7.8,Basket Weaving
856,Wendeline,Ingleton,wingletonnr@opensource.org,658-958-7113,true,9.4,Basket Weaving
857,Emerson,Staff,estaffns@thetimes.co.uk,229-141-0329,false,2.1,Basket Weaving
858,Ad,Laise,alaisent@squarespace.com,788-599-7381,false,8.4,Basket Weaving
859,Rodrick,Klausen,rklausennu@stanford.edu,821-577-1624,true,9.6,Basket Weaving
860,Camala,Yurchishin,cyurchishinnv@unblog.fr,462-686-7422,true,4.3,Basket Weaving
861,Kamillah,Dilgarno,kdilgarnonw@about.com,667-444-7712,false,3.3,Basket Weaving
862,Diena,Santer,dsanternx@list-manage.com,122-788-4036,false,3.4,Basket Weaving
863,Osborne,Henker,ohenkerny@usgs.gov,240-732-7852,true,7.5,Basket Weaving
864,Jerrine,Rennenbach,jrennenbachnz@diigo.com,802-952-9222,true,9.6,Basket Weaving
865,Lenee,Yapp,lyappo0@umich.edu,453-233-9048,true,6.4,Basket Weaving
866,Ingaborg,Chevins,ichevinso1@github.io,751-188-8765,false,9.8,Basket Weaving
867,Jerrold,Waadenburg,jwaadenburgo2@tuttocitta.it,316-146-1216,false,3,Basket Weaving
868,Sawyer,McCarter,smccartero3@prweb.com,945-874-0406,true,8.9,Basket Weaving
869,Portia,Gumey,pgumeyo4@state.tx.us,489-940-6119,true,4.9,Basket Weaving
870,Con,Daggett,cdaggetto5@answers.com,966-477-6394,true,8.7,Basket Weaving
871,Gertruda,Knights,gknightso6@google.pl,422-891-7797,true,8.8,Basket Weaving
872,Neils,Pamplin,npamplino7@newyorker.com,780-354-2473,false,4.8,Basket Weaving
873,Karalee,Manuel,kmanuelo8@artisteer.com,355-482-0815,true,2.7,Basket Weaving
874,Ara,Tallant,atallanto9@ameblo.jp,572-584-8383,false,2,Basket Weaving
875,Mia,Smye,msmyeoa@marriott.com,155-621-4646,false,5.9,Basket Weaving
876,Martelle,Lammenga,mlammengaob@illinois.edu,749-152-9309,false,9.4,Basket Weaving
877,Jeth,Blacklock,jblacklockoc@baidu.com,340-443-1205,false,3.7,Basket Weaving
878,Cyndy,Gronous,cgronousod@microsoft.com,180-620-1420,false,6.6,Basket Weaving
879,Marice,Cranham,mcranhamoe@nymag.com,898-777-7925,false,6,Basket Weaving
880,Joy,McTavy,jmctavyof@cnbc.com,680-507-6160,false,9.3,Basket Weaving
881,Chlo,Jimson,cjimsonog@dailymotion.com,682-982-4238,false,9.5,Basket Weaving
882,Emelia,Mahedy,emahedyoh@microsoft.com,396-749-8013,false,6.1,Basket Weaving
883,Skippie,Tingly,stinglyoi@usda.gov,473-102-3301,true,4.1,Basket Weaving
884,Helaine,Keneford,hkenefordoj@go.com,220-233-9637,false,2.6,Basket Weaving
885,La verne,Duckfield,lduckfieldok@deliciousdays.com,631-714-5613,false,2,Basket Weaving
886,Garey,Curr,gcurrol@umich.edu,881-683-1734,false,8.9,Basket Weaving
887,Brendis,Wattingham,bwattinghamom@biblegateway.com,630-319-4083,false,9.9,Basket Weaving
888,Giulia,Tidgewell,gtidgewellon@engadget.com,801-959-3114,false,7.3,Basket Weaving
889,Pamela,Peeters,ppeetersoo@youku.com,629-531-1219,false,1.3,Basket Weaving
890,Nowell,Zorzin,nzorzinop@domainmarket.com,628-240-5704,true,5.1,Basket Weaving
891,Bjorn,Palay,bpalayoq@dion.ne.jp,444-363-3302,true,4.5,Basket Weaving
892,Morty,Jannasch,mjannaschor@state.gov,459-233-6074,false,7,Basket Weaving
893,Sibelle,Diffley,sdiffleyos@amazon.co.jp,123-887-3921,true,1.8,Basket Weaving
894,Hailey,Pudsey,hpudseyot@ca.gov,209-415-8800,false,4.3,Basket Weaving
895,Tatum,Hadleigh,thadleighou@jiathis.com,785-784-1894,true,6.8,Basket Weaving
896,Rozelle,Gready,rgreadyov@rakuten.co.jp,382-611-2276,true,1.9,Basket Weaving
897,Natala,Mannie,nmannieow@umn.edu,882-775-9599,true,4.3,Basket Weaving
898,Courtney,Browett,cbrowettox@de.vu,319-788-0116,false,3.1,Basket Weaving
899,Viviyan,Currer,vcurreroy@livejournal.com,523-290-2166,false,9.6,Basket Weaving
900,Roxanna,Goldthorpe,rgoldthorpeoz@barnesandnoble.com,882-639-4281,false,7.3,Basket Weaving
901,Adara,Daventry,adaventryp0@ox.ac.uk,624-542-8665,true,2.9,Basket Weaving
902,Chilton,Seignior,cseigniorp1@edublogs.org,677-607-5151,true,1.8,Basket Weaving
903,Ramsey,Balsellie,rbalselliep2@unblog.fr,194-102-8599,false,3.6,Basket Weaving
904,Allard,Winchcombe,awinchcombep3@army.mil,192-178-2730,true,9.6,Basket Weaving
905,Amitie,Roskam,aroskamp4@constantcontact.com,754-560-9474,true,4.5,Basket Weaving
906,Thibaud,Gleave,tgleavep5@sourceforge.net,904-683-2301,false,2.9,Basket Weaving
907,Markos,Hollier,mhollierp6@deliciousdays.com,930-475-9672,true,6.1,Basket Weaving
908,Yoko,Dearle-Palser,ydearlepalserp7@xrea.com,116-589-8391,false,3.7,Basket Weaving
909,Sosanna,Goodlet,sgoodletp8@ehow.com,700-855-2073,false,6.6,Basket Weaving
910,Dorette,Frew,dfrewp9@npr.org,617-674-7172,false,9.5,Basket Weaving
911,Merralee,Macvey,mmacveypa@moonfruit.com,873-652-3883,false,3.5,Basket Weaving
912,Elga,Hammer,ehammerpb@hc360.com,610-951-3713,true,6.3,Basket Weaving
913,Marsiella,Corran,mcorranpc@sciencedirect.com,353-288-1381,false,1.8,Basket Weaving
914,Barbi,Sturror,bsturrorpd@t-online.de,460-752-6706,true,9.8,Basket Weaving
915,Salvidor,Ofener,sofenerpe@opensource.org,760-166-5247,true,2,Basket Weaving
916,Jacklyn,Ridoutt,jridouttpf@csmonitor.com,318-434-4150,false,2.8,Basket Weaving
917,Jolee,Tohill,jtohillpg@house.gov,659-667-4093,true,8.8,Basket Weaving
918,Cinda,Varnals,cvarnalsph@wikispaces.com,383-632-3703,false,7.2,Basket Weaving
919,Andee,Nelson,anelsonpi@bigcartel.com,535-874-2218,false,6,Basket Weaving
920,Joanna,Broomer,jbroomerpj@reference.com,761-929-8304,true,3.1,Basket Weaving
921,Murray,Francke,mfranckepk@liveinternet.ru,736-322-2242,true,3,Basket Weaving
922,Guillemette,Brotherheed,gbrotherheedpl@cdc.gov,352-973-2314,false,8.6,Basket Weaving
923,Lucita,Serrurier,lserrurierpm@vinaora.com,630-523-2444,false,9,Basket Weaving
924,Buiron,Kimbrough,bkimbroughpn@zdnet.com,173-740-4369,false,2.2,Basket Weaving
925,Malchy,Jeandon,mjeandonpo@privacy.gov.au,659-318-9200,true,7.7,Basket Weaving
926,Kaycee,Isoldi,kisoldipp@de.vu,261-628-1526,true,4.8,Basket Weaving
927,Cash,Formie,cformiepq@uol.com.br,692-519-8072,true,7.6,Basket Weaving
928,Lethia,Yoskowitz,lyoskowitzpr@nature.com,224-784-0162,true,8.4,Basket Weaving
929,Lucy,Kornes,lkornesps@sakura.ne.jp,585-183-4005,false,8.4,Basket Weaving
930,Sandra,Gaish,sgaishpt@reddit.com,968-747-6922,false,9.2,Basket Weaving
931,Laurence,Vest,lvestpu@oracle.com,371-293-5884,false,9,Basket Weaving
932,Eddie,Dicken,edickenpv@netscape.com,344-378-8585,true,3.3,Basket Weaving
933,Pete,Werner,pwernerpw@cam.ac.uk,624-657-6248,false,6.6,Basket Weaving
934,Parrnell,Krolle,pkrollepx@google.es,408-437-9590,false,3.5,Basket Weaving
935,Cos,Duhig,cduhigpy@nymag.com,714-391-8063,false,1.6,Basket Weaving
936,Amanda,Gilhespy,agilhespypz@live.com,960-138-7145,true,4.9,Basket Weaving
937,Marthena,Burrells,mburrellsq0@imgur.com,765-406-7532,true,2.4,Basket Weaving
938,Cecilia,Ricker,crickerq1@stanford.edu,142-342-0374,true,5.3,Basket Weaving
939,Ransom,Fishlee,rfishleeq2@vimeo.com,791-128-2755,true,2.2,Basket Weaving
940,Carrol,Eginton,cegintonq3@quantcast.com,992-386-9395,true,8.4,Basket Weaving
941,Ramsay,Ambrozik,rambrozikq4@jugem.jp,625-934-9062,true,5,Basket Weaving
942,Lothaire,Mottram,lmottramq5@google.fr,433-751-8141,true,6.1,Basket Weaving
943,Sydelle,Haylor,shaylorq6@t-online.de,721-138-5130,false,7.8,Basket Weaving
944,Quinn,Nixon,qnixonq7@netvibes.com,178-503-2583,false,5.2,Basket Weaving
945,Yolane,Jimmes,yjimmesq8@latimes.com,560-313-6042,false,3.4,Crotchet
946,Jean,Paulus,jpaulusq9@about.me,640-391-6198,false,6.8,Crotchet
947,Tricia,Gallymore,tgallymoreqa@printfriendly.com,879-381-8608,true,7,Crotchet
948,Park,Pill,ppillqb@slideshare.net,813-745-4214,false,1.8,Crotchet
949,Whittaker,Screeton,wscreetonqc@utexas.edu,804-283-7219,true,1.3,Crotchet
950,Sascha,Morrish,smorrishqd@pinterest.com,357-639-2071,false,2.4,Crotchet
951,Row,Semiraz,rsemirazqe@gov.uk,533-404-7480,true,1.3,Crotchet
952,Deanna,Rogeron,drogeronqf@amazon.co.uk,751-524-2416,true,6.8,Crotchet
953,Fawn,Paffley,fpaffleyqg@google.ru,876-527-9420,false,4.9,Crotchet
954,Alex,le Keux,alekeuxqh@arizona.edu,956-273-8027,false,1.9,Crotchet
955,Hilary,Cardno,hcardnoqi@umn.edu,454-204-9310,false,3,Crotchet
956,Yves,Colyer,ycolyerqj@trellian.com,299-281-6025,false,8.5,Crotchet
957,Kit,Philippson,kphilippsonqk@php.net,190-947-6875,true,7.4,Crotchet
958,Janos,Ashbee,jashbeeql@shareasale.com,128-505-9676,true,6.7,Crotchet
959,Wilmette,Hein,wheinqm@xinhuanet.com,553-965-6864,true,1.6,Crotchet
960,Vickie,Lamb-shine,vlambshineqn@gmpg.org,483-886-2450,true,6.9,Crotchet
961,Sharron,Corington,scoringtonqo@redcross.org,967-390-7097,false,9,Crotchet
962,Mollie,Benyon,mbenyonqp@pen.io,274-804-5253,false,7.6,Crotchet
963,Edythe,Folk,efolkqq@t.co,807-125-3110,false,6.9,Crotchet
964,Ricard,Thresh,rthreshqr@wired.com,834-496-5267,true,5,Crotchet
965,Manolo,Graysmark,mgraysmarkqs@addtoany.com,409-638-1865,false,2.5,Crotchet
966,Rosy,Burdell,rburdellqt@answers.com,434-215-1013,true,8.4,Crotchet
967,Josepha,Keming,jkemingqu@psu.edu,608-724-3921,false,5.6,Crotchet
968,Carlo,Pinney,cpinneyqv@reddit.com,496-534-4514,true,8.8,Crotchet
969,Tymon,Butland,tbutlandqw@moonfruit.com,395-760-1285,true,8.1,Crotchet
970,Britney,Brecken,bbreckenqx@sakura.ne.jp,529-790-3561,true,4.7,Crotchet
971,Wendel,Tatem,wtatemqy@craigslist.org,834-255-3170,false,3.1,Crotchet
972,Seana,Gittose,sgittoseqz@arizona.edu,300-728-5214,false,3.7,Crotchet
973,Osgood,Yezafovich,oyezafovichr0@desdev.cn,220-425-9656,true,3.8,Crotchet
974,Tracie,Gutans,tgutansr1@craigslist.org,391-865-1432,false,6.4,Crotchet
975,Avivah,Crossan,acrossanr2@wsj.com,583-959-4286,true,1.1,Crotchet
976,Prince,Francescuzzi,pfrancescuzzir3@noaa.gov,343-189-5223,true,6.1,Crotchet
977,Kathye,Bareford,kbarefordr4@blogtalkradio.com,177-143-3986,false,8.9,Crotchet
978,Ami,Pairpoint,apairpointr5@livejournal.com,173-748-3343,true,9.5,Crotchet
979,Sande,Blaschke,sblaschker6@foxnews.com,214-499-3638,true,5.9,Crotchet
980,Aloisia,Crolla,acrollar7@hao123.com,365-182-8885,false,7.5,Crotchet
981,Huntlee,Tipler,htiplerr8@about.me,996-814-8308,false,4.4,Crotchet
982,Corey,Jakaway,cjakawayr9@smh.com.au,853-946-7502,false,8.1,Crotchet
983,Goldia,Node,gnodera@blogspot.com,492-405-4899,true,6.5,Crotchet
984,Keir,Maybury,kmayburyrb@tumblr.com,407-519-6045,false,5.6,Crotchet
985,Dewie,Eccersley,deccersleyrc@google.pl,385-249-4392,true,4.6,Crotchet
986,Cecil,Dmytryk,cdmytrykrd@altervista.org,434-543-6226,true,7.3,Crotchet
987,Clo,Geldert,cgeldertre@elpais.com,344-662-8096,true,3.8,Crotchet
988,Guillaume,Kamienski,gkamienskirf@4shared.com,567-122-7591,false,4.9,Crotchet
989,Moishe,Mallatratt,mmallatrattrg@ifeng.com,805-147-5514,true,4.6,Crotchet
990,Anet,Linny,alinnyrh@narod.ru,202-576-4576,false,6.4,Crotchet
991,Wendall,Lanchbury,wlanchburyri@washingtonpost.com,703-141-6893,true,2.4,Crotchet
992,Ethelred,Shafto,eshaftorj@cocolog-nifty.com,464-528-4235,false,3.5,Crotchet
993,Barbabas,Errey,berreyrk@cbslocal.com,784-451-3768,false,6.3,Crotchet
994,Pierson,Cuffin,pcuffinrl@cyberchimps.com,170-139-2703,true,2.2,Crotchet
995,Lanie,Ganders,lgandersrm@wix.com,723-303-5068,true,1,Crotchet
996,Zulema,Scorton,zscortonrn@google.com.au,424-439-4812,true,2.5,Crotchet
997,Minta,Cowp,mcowpro@ovh.net,455-482-2785,true,3,Crotchet
998,Cynthie,Click,cclickrp@google.cn,508-931-7794,true,6.1,Crotchet
999,Thornton,Girk,tgirkrq@mlb.com,255-592-9514,true,8.9,Crotchet
1000,Ainslie,Ghidetti,aghidettirr@blogspot.com,126-687-5227,true,4,Crotchet
